-- MySQL dump 10.13  Distrib 8.0.16, for Win64 (x86_64)
--
-- Host: localhost    Database: heatmapsystem
-- ------------------------------------------------------
-- Server version	8.0.16

/*!40101 SET @OLD_CHARACTER_SET_CLIENT=@@CHARACTER_SET_CLIENT */;
/*!40101 SET @OLD_CHARACTER_SET_RESULTS=@@CHARACTER_SET_RESULTS */;
/*!40101 SET @OLD_COLLATION_CONNECTION=@@COLLATION_CONNECTION */;
 SET NAMES utf8 ;
/*!40103 SET @OLD_TIME_ZONE=@@TIME_ZONE */;
/*!40103 SET TIME_ZONE='+00:00' */;
/*!40014 SET @OLD_UNIQUE_CHECKS=@@UNIQUE_CHECKS, UNIQUE_CHECKS=0 */;
/*!40014 SET @OLD_FOREIGN_KEY_CHECKS=@@FOREIGN_KEY_CHECKS, FOREIGN_KEY_CHECKS=0 */;
/*!40101 SET @OLD_SQL_MODE=@@SQL_MODE, SQL_MODE='NO_AUTO_VALUE_ON_ZERO' */;
/*!40111 SET @OLD_SQL_NOTES=@@SQL_NOTES, SQL_NOTES=0 */;

--
-- Table structure for table `account`
--

DROP TABLE IF EXISTS `account`;
/*!40101 SET @saved_cs_client     = @@character_set_client */;
 SET character_set_client = utf8mb4 ;
CREATE TABLE `account` (
  `acc_id` int(11) NOT NULL AUTO_INCREMENT,
  `acc_username` varchar(20) NOT NULL,
  `acc_password` varchar(255) NOT NULL,
  `acc_fullname` varchar(45) DEFAULT NULL,
  `acc_email` varchar(45) DEFAULT NULL,
  `acc_gender` int(1) DEFAULT NULL,
  `acc_phone` varchar(11) DEFAULT NULL,
  `acc_role` tinyint(4) DEFAULT NULL,
  `acc_date_created` varchar(255) NOT NULL,
  `acc_date_updated` varchar(255) DEFAULT NULL,
  `acc_status` varchar(10) DEFAULT NULL,
  `acc_updated_by` varchar(20) DEFAULT NULL,
  `cpn_acc_id` int(11) NOT NULL,
  PRIMARY KEY (`acc_id`),
  KEY `cpn_acc_id` (`cpn_acc_id`),
  CONSTRAINT `cpn_acc_id` FOREIGN KEY (`cpn_acc_id`) REFERENCES `company` (`cpn_id`)
) ENGINE=InnoDB AUTO_INCREMENT=11 DEFAULT CHARSET=latin1;
/*!40101 SET character_set_client = @saved_cs_client */;

--
-- Dumping data for table `account`
--

LOCK TABLES `account` WRITE;
/*!40000 ALTER TABLE `account` DISABLE KEYS */;
INSERT INTO `account` VALUES (1,'cuongdq','1234567','Do Cuong','qcuong2511@gmail.com',0,'0904635563',1,'2019-06-12T12:35:06.732',NULL,'active',NULL,1),(2,'camdq','12345671','Do Quoc Cam','qcam12345@gmail.com',0,'0121385567',0,'2019-06-12T12:35:53.780','2019-08-03T16:03:12.071','active','cuongdq',2),(3,'tannm','$2a$10$3x2JstJawJJVlsuSfZzEF.v.IwU0opknth8sU4aI4yeWy0kPeMgUO','Ngo Minh Tan','tannm@gmail.com',0,'0121374451',0,'2019-06-12T12:36:34.703','2019-08-03T12:27:23.887','active','tytn',1),(4,'cuongpg1','1234567','Phan Gia Cuong','cuongpg123@gmail.com',0,'0125226633',0,'2019-06-12T12:37:16.409','2019-07-02T14:38:10.648','active','cuongdq',1),(5,'tytn','$2a$10$jsfD6XKoc3hA6XvchqPT5ugcLzwEIIFdb7dTfuuxMuGx6MDVtBBDW','Tran Ngoc Ty','tytn@gmail.com',0,'0121385566',1,'2019-07-05T11:37:53.171','2019-08-03T12:28:49.664','active','tytn',2),(6,'cuongdqse','$2a$10$YuM3EjbDzT9Rlg5sVVijQ.9Lppm1YTyiEkVR3tDWfufWgcer5b7iC','Do Quoc Cuong','qcuong251196@gmail.com',0,'0904635563',1,'2019-07-24T00:20:41.350','2019-08-01T22:59:42.866','active','cuongdqse',1),(7,'khanhdq','$2a$10$wjGusC5TF0p0bL8iuztcNeWtIPv858rQAXsg8ifVQ68wp/XjvuDxm','Do Quoc Khanh','qkhanh2805@gmail.com',0,'0913664742',0,'2019-07-25T09:32:18.514','2019-08-03T11:13:04.737','active','khanhdq',1),(8,'tuyennq','$2a$10$Ed9KT8kPgA21lX9PGMsqKeaihyHKCbFXNZ.0DoAMFHxEUX7jPZ3OG','Tuyen Ngo','tuyentn@gmail.com',0,'0904635221',0,'2019-07-25T09:55:43.691','2019-08-01T18:50:43.814','active','cuongdqse',1),(9,'huyvg','$2a$10$I105KliBejOwfzaqTlawZuXvXKvaNphYHxjbxF.WSti5wngbi4HxO','Vo Gia Huy','huyvg@gmail.com',0,'0904635522',1,'2019-08-01T18:45:36.116','2019-08-01T18:45:44.593','active','cuongdqse',4),(10,'thanhpn','$2a$10$hXaW2fgdRxTSHA/ODFRNQOTUm.LNFnJ2EtuO6MXE6L9uLlY0MJOp2','Nhut Thanh','aa@fpt.edu.vn',0,'84904655536',0,'2019-08-01T23:26:58.450',NULL,'active',NULL,1);
/*!40000 ALTER TABLE `account` ENABLE KEYS */;
UNLOCK TABLES;

--
-- Table structure for table `account_store`
--

DROP TABLE IF EXISTS `account_store`;
/*!40101 SET @saved_cs_client     = @@character_set_client */;
 SET character_set_client = utf8mb4 ;
CREATE TABLE `account_store` (
  `acc_sto_id` int(4) NOT NULL AUTO_INCREMENT,
  `acc_sto_date_created` varchar(255) NOT NULL,
  `acc_sto_date_updated` varchar(255) DEFAULT NULL,
  `acc_sto_updated_by` varchar(45) DEFAULT NULL,
  `account_id` int(4) NOT NULL,
  `store_id` int(4) NOT NULL,
  PRIMARY KEY (`acc_sto_id`),
  KEY `account_id_idx` (`account_id`),
  KEY `store_id_idx` (`store_id`),
  CONSTRAINT `account_id` FOREIGN KEY (`account_id`) REFERENCES `account` (`acc_id`),
  CONSTRAINT `store_id` FOREIGN KEY (`store_id`) REFERENCES `store` (`sto_id`)
) ENGINE=InnoDB AUTO_INCREMENT=18 DEFAULT CHARSET=latin1;
/*!40101 SET character_set_client = @saved_cs_client */;

--
-- Dumping data for table `account_store`
--

LOCK TABLES `account_store` WRITE;
/*!40000 ALTER TABLE `account_store` DISABLE KEYS */;
INSERT INTO `account_store` VALUES (1,'2019-06-12T12:35:06.732',NULL,NULL,3,1),(3,'2019-06-12T12:35:06.732',NULL,NULL,3,2),(4,'2019-06-12T12:35:06.732',NULL,NULL,5,3),(5,'2019-06-12T12:35:06.732',NULL,NULL,7,1),(6,'2019-06-12T12:35:06.732',NULL,NULL,7,5),(7,'2019-06-12T12:35:06.732',NULL,NULL,7,2),(16,'2019-08-03T15:59:25.953',NULL,NULL,4,1);
/*!40000 ALTER TABLE `account_store` ENABLE KEYS */;
UNLOCK TABLES;

--
-- Table structure for table `area`
--

DROP TABLE IF EXISTS `area`;
/*!40101 SET @saved_cs_client     = @@character_set_client */;
 SET character_set_client = utf8mb4 ;
CREATE TABLE `area` (
  `area_id` int(11) NOT NULL AUTO_INCREMENT,
  `area_floor` int(11) NOT NULL,
  `area_name` varchar(20) NOT NULL,
  `area_date_created` varchar(255) NOT NULL,
  `area_date_updated` varchar(255) DEFAULT NULL,
  `area_status` varchar(10) DEFAULT NULL,
  `area_updated_by` varchar(45) DEFAULT NULL,
  `sto_id` int(11) NOT NULL,
  PRIMARY KEY (`area_id`),
  KEY `sto_id_idx` (`sto_id`),
  CONSTRAINT `sto_id` FOREIGN KEY (`sto_id`) REFERENCES `store` (`sto_id`)
) ENGINE=InnoDB AUTO_INCREMENT=7 DEFAULT CHARSET=latin1;
/*!40101 SET character_set_client = @saved_cs_client */;

--
-- Dumping data for table `area`
--

LOCK TABLES `area` WRITE;
/*!40000 ALTER TABLE `area` DISABLE KEYS */;
INSERT INTO `area` VALUES (1,1,'Ban Tron Tang 1','2019-06-13T12:41:27.122',NULL,'active',NULL,1),(2,2,'Ban Tron Tang 2','2019-06-13T12:41:27.122',NULL,'active',NULL,1),(3,1,'Ngoai Troi','2019-06-13T12:41:27.122',NULL,'active',NULL,1),(4,2,'Ngoai Troi Tang 2','2019-06-12T13:16:19.739','2019-06-24T10:05:37.492','active','cuongdq',1),(5,2,'Phong Hop','2019-06-14T10:51:56.605','2019-06-24T09:56:24.533','active','cuongdq',2),(6,2,'Cau Thang Tang 2','2019-06-14T10:51:56.605','2019-08-01T18:55:29.321','active','cuongdqse',1);
/*!40000 ALTER TABLE `area` ENABLE KEYS */;
UNLOCK TABLES;

--
-- Table structure for table `camera`
--

DROP TABLE IF EXISTS `camera`;
/*!40101 SET @saved_cs_client     = @@character_set_client */;
 SET character_set_client = utf8mb4 ;
CREATE TABLE `camera` (
  `cam_id` int(11) NOT NULL AUTO_INCREMENT,
  `cam_ip` varchar(20) NOT NULL,
  `cam_account` varchar(45) NOT NULL,
  `cam_password` varchar(45) NOT NULL,
  `cam_date_created` varchar(255) NOT NULL,
  `cam_date_updated` varchar(255) DEFAULT NULL,
  `cam_status` varchar(10) DEFAULT NULL,
  `cam_updated_by` varchar(45) DEFAULT NULL,
  `cam_area_id` int(11) NOT NULL,
  PRIMARY KEY (`cam_id`),
  KEY `area_id_idx` (`cam_area_id`),
  CONSTRAINT `cam_area_id` FOREIGN KEY (`cam_area_id`) REFERENCES `area` (`area_id`)
) ENGINE=InnoDB AUTO_INCREMENT=9 DEFAULT CHARSET=latin1;
/*!40101 SET character_set_client = @saved_cs_client */;

--
-- Dumping data for table `camera`
--

LOCK TABLES `camera` WRITE;
/*!40000 ALTER TABLE `camera` DISABLE KEYS */;
INSERT INTO `camera` VALUES (1,'123.20.250.6:554','admin','Admin@123','2019-06-13T12:41:27.122','2019-06-12T13:35:19.054','active','cuongdq',1),(2,'192.168.3.4','cuongdq','1234','2019-06-13T12:41:27.122','2019-08-01T18:56:57.618','active','cuongdqse',1),(3,'192.168.2.3','cuongdq','1234','2019-06-13T12:41:27.122',NULL,'active',NULL,2),(4,'192.168.3.2','cuongdq','1234','2019-06-13T12:41:27.122',NULL,'active',NULL,3),(5,'192.168.3.9','cuongdq','1234','2019-06-13T12:41:27.122',NULL,'inactive',NULL,2),(7,'192.168.12.553','tannm','1234','2019-06-12T13:38:39.589',NULL,'active',NULL,3),(8,'192.168.3.3','huyvt123','1234','2019-06-14T12:26:13.331','2019-06-14T12:26:32.154','inactive','cuongdq',4);
/*!40000 ALTER TABLE `camera` ENABLE KEYS */;
UNLOCK TABLES;

--
-- Table structure for table `company`
--

DROP TABLE IF EXISTS `company`;
/*!40101 SET @saved_cs_client     = @@character_set_client */;
 SET character_set_client = utf8mb4 ;
CREATE TABLE `company` (
  `cpn_id` int(11) NOT NULL AUTO_INCREMENT,
  `cpn_name` varchar(45) NOT NULL,
  `cpn_address` varchar(45) NOT NULL,
  `cpn_date_created` varchar(255) NOT NULL,
  `cpn_date_updated` varchar(255) DEFAULT NULL,
  `cpn_status` varchar(10) DEFAULT NULL,
  `cpn_updated_by` varchar(45) DEFAULT NULL,
  PRIMARY KEY (`cpn_id`)
) ENGINE=InnoDB AUTO_INCREMENT=7 DEFAULT CHARSET=latin1;
/*!40101 SET character_set_client = @saved_cs_client */;

--
-- Dumping data for table `company`
--

LOCK TABLES `company` WRITE;
/*!40000 ALTER TABLE `company` DISABLE KEYS */;
INSERT INTO `company` VALUES (1,'Ngoc Lan Coffee','276 Phan Van Tri Quan Binh Thanh','2019-06-12T12:19:04.637','2019-07-02T09:19:01.861','active','cuongdq'),(2,'KFC','321 Dien Bien Phu Quan 3','2019-06-12T12:20:05.419','2019-06-14T11:49:19.808','active','cuongdq'),(3,'Lotteria','432 Ham Nghi Quan 1','2019-06-12T12:20:28.083',NULL,'active',NULL),(4,'Cheese Coffee','123 Dinh Tien Hoang Quan Binh Thanh','2019-06-12T12:27:16.039',NULL,'active',NULL),(5,'Milano Coffee','123 Hai Ba Trung Quan 3','2019-07-29T09:20:50.858',NULL,'active','cuongdqse'),(6,'Trung Nguyen Coffee','121 Phan Van Tri Quan Binh Thanh','2019-07-29T09:26:03.371',NULL,'active','cuongdqse');
/*!40000 ALTER TABLE `company` ENABLE KEYS */;
UNLOCK TABLES;

--
-- Table structure for table `report`
--

DROP TABLE IF EXISTS `report`;
/*!40101 SET @saved_cs_client     = @@character_set_client */;
 SET character_set_client = utf8mb4 ;
CREATE TABLE `report` (
  `rep_id` int(11) NOT NULL AUTO_INCREMENT,
  `rep_time` varchar(255) DEFAULT NULL,
  `rep_count` int(11) DEFAULT NULL,
  `rep_heatmap` varchar(2000) DEFAULT NULL,
  `rep_people_gender` varchar(2000) DEFAULT NULL,
  `rep_people_age` varchar(2000) DEFAULT NULL,
  `rep_cam_id` int(11) NOT NULL,
  PRIMARY KEY (`rep_id`),
  KEY `cam_id_idx` (`rep_cam_id`),
  CONSTRAINT `rep_cam_id` FOREIGN KEY (`rep_cam_id`) REFERENCES `camera` (`cam_id`)
) ENGINE=InnoDB AUTO_INCREMENT=1708 DEFAULT CHARSET=latin1;
/*!40101 SET character_set_client = @saved_cs_client */;

--
-- Dumping data for table `report`
--

LOCK TABLES `report` WRITE;
/*!40000 ALTER TABLE `report` DISABLE KEYS */;
INSERT INTO `report` VALUES (1,'2019-07-03 08:10:00.000',2,NULL,NULL,NULL,1),(2,'2019-07-03 08:20:00.000',3,NULL,NULL,NULL,1),(3,'2019-07-03 08:30:00.000',3,NULL,NULL,NULL,1),(4,'2019-07-03 08:40:00.000',4,NULL,NULL,NULL,1),(5,'2019-07-03 08:50:00.000',6,NULL,NULL,NULL,1),(6,'2019-07-03 09:00:00.000',1,NULL,NULL,NULL,1),(7,'2019-07-03 09:10:00.000',5,NULL,NULL,NULL,1),(8,'2019-07-03 09:20:00.000',15,NULL,NULL,NULL,1),(9,'2019-07-08 08:00:00.000',8,NULL,NULL,NULL,1),(10,'2019-07-08 08:10:00.000',16,NULL,NULL,NULL,1),(11,'2019-07-08 08:20:00.000',9,NULL,NULL,NULL,1),(12,'2019-07-08 08:30:00.000',10,'s',NULL,NULL,1),(13,'2019-07-08 08:40:00.000',2,NULL,NULL,NULL,1),(14,'2019-07-08 08:50:00.000',7,NULL,NULL,NULL,1),(15,'2019-07-08 09:00:00.000',9,NULL,NULL,NULL,1),(16,'2019-07-08 09:10:00.000',4,NULL,NULL,NULL,1),(17,'2019-07-08 09:20:00.000',7,NULL,NULL,NULL,1),(18,'2019-07-08 09:30:00.000',2,NULL,NULL,NULL,1),(19,'2019-07-08 09:40:00.000',6,NULL,NULL,NULL,1),(20,'2019-07-08 09:50:00.000',12,NULL,NULL,NULL,1),(21,'2019-07-08 10:00:00.000',5,NULL,NULL,NULL,1),(22,'2019-07-08 10:10:00.000',4,NULL,NULL,NULL,1),(23,'2019-07-08 10:20:00.000',8,NULL,NULL,NULL,1),(24,'2019-07-08 10:30:00.000',3,NULL,NULL,NULL,1),(25,'2019-07-08 10:40:00.000',2,NULL,NULL,NULL,1),(26,'2019-07-08 10:50:00.000',1,NULL,NULL,NULL,1),(27,'2019-07-08 11:00:00.000',8,NULL,NULL,NULL,1),(28,'2019-07-08 11:10:00.000',6,NULL,NULL,NULL,1),(29,'2019-07-08 11:20:00.000',18,NULL,NULL,NULL,1),(30,'2019-07-08 11:30:00.000',2,NULL,NULL,NULL,1),(31,'2019-07-08 11:40:00.000',9,NULL,NULL,NULL,1),(32,'2019-07-08 11:50:00.000',7,NULL,NULL,NULL,1),(33,'2019-07-08 12:00:00.000',4,NULL,NULL,NULL,1),(34,'2019-07-08 12:10:00.000',4,NULL,NULL,NULL,1),(35,'2019-07-08 12:20:00.000',5,NULL,NULL,NULL,1),(36,'2019-07-08 12:30:00.000',15,NULL,NULL,NULL,1),(37,'2019-07-08 12:40:00.000',8,NULL,NULL,NULL,1),(38,'2019-07-08 12:50:00.000',7,NULL,NULL,NULL,1),(39,'2019-07-08 13:00:00.000',8,NULL,NULL,NULL,1),(40,'2019-07-08 13:10:00.000',5,NULL,NULL,NULL,1),(41,'2019-07-08 13:20:00.000',2,NULL,NULL,NULL,1),(42,'2019-07-08 13:30:00.000',4,NULL,NULL,NULL,1),(43,'2019-07-08 13:40:00.000',2,NULL,NULL,NULL,1),(44,'2019-07-08 13:50:00.000',2,NULL,NULL,NULL,1),(45,'2019-07-08 14:00:00.000',8,NULL,NULL,NULL,1),(46,'2019-07-08 14:10:00.000',2,NULL,NULL,NULL,1),(47,'2019-07-08 14:20:00.000',5,NULL,NULL,NULL,1),(48,'2019-07-08 14:30:00.000',7,NULL,NULL,NULL,1),(49,'2019-07-08 14:40:00.000',2,NULL,NULL,NULL,1),(50,'2019-07-08 14:50:00.000',3,NULL,NULL,NULL,1),(51,'2019-07-08 15:00:00.000',5,NULL,NULL,NULL,1),(52,'2019-07-08 15:10:00.000',1,NULL,NULL,NULL,1),(53,'2019-07-08 15:20:00.000',12,NULL,NULL,NULL,1),(54,'2019-07-08 15:30:00.000',6,NULL,NULL,NULL,1),(55,'2019-07-08 15:40:00.000',3,NULL,NULL,NULL,1),(56,'2019-07-08 15:50:00.000',12,NULL,NULL,NULL,1),(57,'2019-07-08 16:00:00.000',14,NULL,NULL,NULL,1),(58,'2019-07-08 16:10:00.000',4,NULL,NULL,NULL,1),(59,'2019-07-08 16:20:00.000',1,NULL,NULL,NULL,1),(60,'2019-07-08 16:30:00.000',2,NULL,NULL,NULL,1),(61,'2019-07-08 16:40:00.000',3,NULL,NULL,NULL,1),(62,'2019-07-08 16:50:00.000',4,NULL,NULL,NULL,1),(63,'2019-07-08 17:10:00.000',1,NULL,NULL,NULL,1),(64,'2019-07-08 17:10:00.000',2,NULL,NULL,NULL,1),(65,'2019-07-08 17:20:00.000',15,NULL,NULL,NULL,1),(66,'2019-07-08 17:30:00.000',4,NULL,NULL,NULL,1),(67,'2019-07-08 17:40:00.000',5,NULL,NULL,NULL,1),(68,'2019-07-08 17:50:00.000',4,NULL,NULL,NULL,1),(69,'2019-07-08 18:00:00.000',5,NULL,NULL,NULL,1),(70,'2019-07-08 18:10:00.000',1,NULL,NULL,NULL,1),(71,'2019-07-08 18:20:00.000',1,NULL,NULL,NULL,1),(72,'2019-07-08 18:30:00.000',1,NULL,NULL,NULL,1),(73,'2019-07-08 18:40:00.000',1,NULL,NULL,NULL,1),(74,'2019-07-08 18:50:00.000',1,NULL,NULL,NULL,1),(75,'2019-07-08 19:00:00.000',1,NULL,NULL,NULL,1),(76,'2019-07-08 19:10:00.000',1,NULL,NULL,NULL,1),(77,'2019-07-08 19:20:00.000',1,NULL,NULL,NULL,1),(78,'2019-07-08 19:30:00.000',1,NULL,NULL,NULL,1),(79,'2019-07-08 19:40:00.000',1,NULL,NULL,NULL,1),(80,'2019-07-08 19:50:00.000',1,NULL,NULL,NULL,1),(81,'2019-07-08 20:00:00.000',1,NULL,NULL,NULL,1),(141,'2019-07-10 13:42:03.413710',3,NULL,NULL,NULL,1),(142,'2019-07-10 13:42:40.333403',1,NULL,NULL,NULL,1),(143,'2019-07-10 13:43:16.372107',1,NULL,NULL,NULL,1),(144,'2019-07-10 13:43:52.214043',8,NULL,NULL,NULL,1),(145,'2019-07-10 13:44:25.688405',1,NULL,NULL,NULL,1),(146,'2019-07-10 13:44:59.607337',1,NULL,NULL,NULL,1),(147,'2019-07-10 13:45:33.303042',8,NULL,NULL,NULL,1),(148,'2019-07-10 13:46:07.907095',1,NULL,NULL,NULL,1),(149,'2019-07-10 13:46:40.896183',1,NULL,NULL,NULL,1),(150,'2019-07-10 13:47:14.259629',3,NULL,NULL,NULL,1),(151,'2019-07-10 13:47:47.005493',6,NULL,NULL,NULL,1),(152,'2019-07-10 13:48:20.747934',1,NULL,NULL,NULL,1),(153,'2019-07-10 13:48:54.454879',1,NULL,NULL,NULL,1),(154,'2019-07-10 13:49:28.646518',1,NULL,NULL,NULL,1),(155,'2019-07-10 13:50:02.142286',1,NULL,NULL,NULL,1),(156,'2019-07-10 13:50:35.680873',5,NULL,NULL,NULL,1),(157,'2019-07-10 13:51:08.175469',33,NULL,NULL,NULL,1),(158,'2019-07-10 13:51:40.381923',1,NULL,NULL,NULL,1),(159,'2019-07-10 13:52:15.111854',8,NULL,NULL,NULL,1),(160,'2019-07-10 13:52:50.847532',8,NULL,NULL,NULL,1),(161,'2019-07-10 13:53:27.909534',1,NULL,NULL,NULL,1),(162,'2019-07-10 13:54:12.532609',8,NULL,NULL,NULL,1),(163,'2019-07-10 13:56:33.930332',1,NULL,NULL,NULL,1),(164,'2019-07-10 14:00:40.008748',1,NULL,NULL,NULL,1),(165,'2019-07-10 14:03:06.163409',8,NULL,NULL,NULL,1),(166,'2019-07-10 14:03:53.122414',1,NULL,NULL,NULL,1),(167,'2019-07-10 14:04:39.942337',8,NULL,NULL,NULL,1),(168,'2019-07-10 14:05:26.346325',1,NULL,NULL,NULL,1),(169,'2019-07-10 14:06:12.579616',1,NULL,NULL,NULL,1),(170,'2019-07-10 14:06:58.888840',8,NULL,NULL,NULL,1),(171,'2019-07-10 14:08:54.177206',1,NULL,NULL,NULL,1),(172,'2019-07-10 14:30:48.794215',1,NULL,NULL,NULL,1),(173,'2019-07-10 14:31:49.930679',1,NULL,NULL,NULL,1),(174,'2019-07-10 14:32:49.974191',2,NULL,NULL,NULL,1),(175,'2019-07-10 14:33:51.982601',7,NULL,NULL,NULL,1),(176,'2019-07-10 14:34:42.354935',0,NULL,NULL,NULL,1),(177,'2019-07-10 14:35:34.862695',8,NULL,NULL,NULL,1),(178,'2019-07-10 14:36:29.931799',0,NULL,NULL,NULL,1),(179,'2019-07-10 14:37:24.874738',21,NULL,NULL,NULL,1),(180,'2019-07-10 14:38:17.499968',0,NULL,NULL,NULL,1),(181,'2019-07-10 14:39:11.610997',9,NULL,NULL,NULL,1),(182,'2019-07-10 14:40:06.082205',0,NULL,NULL,NULL,1),(183,'2019-07-10 14:40:59.857645',0,NULL,NULL,NULL,1),(184,'2019-07-10 14:41:53.303323',9,NULL,NULL,NULL,1),(185,'2019-07-10 14:42:51.039406',0,NULL,NULL,NULL,1),(186,'2019-07-10 14:43:44.794853',0,NULL,NULL,NULL,1),(187,'2019-07-10 14:44:38.481682',9,NULL,NULL,NULL,1),(188,'2019-07-10 14:45:33.283877',0,NULL,NULL,NULL,1),(189,'2019-07-10 14:46:29.551143',9,NULL,NULL,NULL,1),(190,'2019-07-10 14:47:23.712096',5,NULL,NULL,NULL,1),(191,'2019-07-10 14:48:17.149302',0,NULL,NULL,NULL,1),(192,'2019-07-10 14:49:11.508602',6,NULL,NULL,NULL,1),(193,'2019-07-10 14:50:06.540120',0,NULL,NULL,NULL,1),(194,'2019-07-10 14:51:01.547646',0,NULL,NULL,NULL,1),(195,'2019-07-10 14:51:55.532462',6,NULL,NULL,NULL,1),(196,'2019-07-10 14:52:48.438192',5,NULL,NULL,NULL,1),(197,'2019-07-10 14:53:41.748843',0,NULL,NULL,NULL,1),(198,'2019-07-10 14:54:35.645894',0,NULL,NULL,NULL,1),(199,'2019-07-10 14:55:29.036981',5,NULL,NULL,NULL,1),(200,'2019-07-10 14:56:22.764362',0,NULL,NULL,NULL,1),(201,'2019-07-10 14:57:17.379007',0,NULL,NULL,NULL,1),(202,'2019-07-10 14:58:10.009622',55,NULL,NULL,NULL,1),(203,'2019-07-10 14:59:05.673339',7,NULL,NULL,NULL,1),(204,'2019-07-10 14:59:58.772994',0,NULL,NULL,NULL,1),(205,'2019-07-10 15:00:52.995482',7,NULL,NULL,NULL,1),(206,'2019-07-10 15:01:46.180325',7,NULL,NULL,NULL,1),(207,'2019-07-10 15:02:41.174953',0,NULL,NULL,NULL,1),(208,'2019-07-10 15:03:36.646618',0,NULL,NULL,NULL,1),(209,'2019-07-10 15:04:30.001365',12,NULL,NULL,NULL,1),(210,'2019-07-10 15:05:24.749226',4,NULL,NULL,NULL,1),(211,'2019-07-10 15:06:19.056278',0,NULL,NULL,NULL,1),(212,'2019-07-10 15:07:13.844688',7,NULL,NULL,NULL,1),(213,'2019-07-10 15:08:07.519944',0,NULL,NULL,NULL,1),(214,'2019-07-10 15:09:01.826384',2,NULL,NULL,NULL,1),(215,'2019-07-10 15:09:55.666515',0,NULL,NULL,NULL,1),(216,'2019-07-10 15:10:49.523754',7,NULL,NULL,NULL,1),(217,'2019-07-10 15:11:41.653610',7,NULL,NULL,NULL,1),(218,'2019-07-10 15:12:33.886395',7,NULL,NULL,NULL,1),(219,'2019-07-10 15:13:25.697730',0,NULL,NULL,NULL,1),(220,'2019-07-10 15:14:17.675033',7,NULL,NULL,NULL,1),(221,'2019-07-10 15:15:08.065029',0,NULL,NULL,NULL,1),(222,'2019-07-10 15:15:58.764972',0,NULL,NULL,NULL,1),(223,'2019-07-10 15:16:49.308622',7,NULL,NULL,NULL,1),(224,'2019-07-10 15:17:41.567542',0,NULL,NULL,NULL,1),(225,'2019-07-10 15:18:37.007055',7,NULL,NULL,NULL,1),(226,'2019-07-10 15:19:30.682809',0,NULL,NULL,NULL,1),(227,'2019-07-10 15:20:22.296365',0,NULL,NULL,NULL,1),(228,'2019-07-10 15:21:14.917613',0,NULL,NULL,NULL,1),(229,'2019-07-10 15:22:06.499044',0,NULL,NULL,NULL,1),(230,'2019-07-10 15:23:00.214913',0,NULL,NULL,NULL,1),(231,'2019-07-10 15:24:05.679630',0,NULL,NULL,NULL,1),(232,'2019-07-10 15:26:19.264289',7,NULL,NULL,NULL,1),(233,'2019-07-10 15:28:16.787392',7,NULL,NULL,NULL,1),(234,'2019-07-10 15:29:25.897646',0,NULL,NULL,NULL,1),(235,'2019-07-10 15:30:21.275542',5,NULL,NULL,NULL,1),(236,'2019-07-10 15:32:17.503438',5,NULL,NULL,NULL,1),(237,'2019-07-10 15:33:50.066143',7,NULL,NULL,NULL,1),(238,'2019-07-10 15:35:31.325320',25,NULL,NULL,NULL,1),(239,'2019-07-10 15:37:22.240280',0,NULL,NULL,NULL,1),(240,'2019-07-10 15:39:03.297738',0,NULL,NULL,NULL,1),(241,'2019-07-10 15:41:05.417829',7,NULL,NULL,NULL,1),(242,'2019-07-10 15:43:17.350678',0,NULL,NULL,NULL,1),(243,'2019-07-10 15:45:23.521283',7,NULL,NULL,NULL,1),(244,'2019-07-10 15:47:32.870354',0,NULL,NULL,NULL,1),(245,'2019-07-10 15:49:33.245365',7,NULL,NULL,NULL,1),(246,'2019-07-10 15:51:51.070889',0,NULL,NULL,NULL,1),(247,'2019-07-10 15:54:12.802193',5,NULL,NULL,NULL,1),(248,'2019-07-10 15:56:30.668315',0,NULL,NULL,NULL,1),(249,'2019-07-10 15:58:43.816121',7,NULL,NULL,NULL,1),(250,'2019-07-10 16:01:03.250829',0,NULL,NULL,NULL,1),(251,'2019-07-10 16:03:14.203774',5,NULL,NULL,NULL,1),(252,'2019-07-10 16:05:31.700387',0,NULL,NULL,NULL,1),(253,'2019-07-10 16:07:37.444328',5,NULL,NULL,NULL,1),(254,'2019-07-10 16:09:46.638910',0,NULL,NULL,NULL,1),(255,'2019-07-10 16:11:56.105324',5,NULL,NULL,NULL,1),(256,'2019-07-10 16:14:18.902620',0,NULL,NULL,NULL,1),(257,'2019-07-10 16:16:44.141144',5,NULL,NULL,NULL,1),(258,'2019-07-10 16:19:06.447286',5,NULL,NULL,NULL,1),(259,'2019-07-10 16:21:32.585931',0,NULL,NULL,NULL,1),(260,'2019-07-10 16:23:58.453090',5,NULL,NULL,NULL,1),(261,'2019-07-10 16:26:25.756973',0,NULL,NULL,NULL,1),(262,'2019-07-10 16:28:32.343887',5,NULL,NULL,NULL,1),(263,'2019-07-10 16:30:51.760602',5,NULL,NULL,NULL,1),(264,'2019-07-12 14:04:37.537510',0,NULL,NULL,NULL,1),(265,'2019-07-12 14:05:07.415501',0,NULL,NULL,NULL,1),(266,'2019-07-12 14:09:56.273360',5,NULL,NULL,NULL,1),(267,'2019-07-12 14:10:42.933280',2,NULL,NULL,NULL,1),(268,'2019-07-12 14:11:17.246610',5,NULL,NULL,NULL,1),(269,'2019-07-12 14:11:50.339038',1,NULL,NULL,NULL,1),(270,'2019-07-12 14:12:22.191958',1,NULL,NULL,NULL,1),(271,'2019-07-12 14:12:53.698678',1,NULL,NULL,NULL,1),(272,'2019-07-12 14:13:25.779589',1,NULL,NULL,NULL,1),(273,'2019-07-12 14:13:58.655405',1,NULL,NULL,NULL,1),(274,'2019-07-12 14:14:29.360308',1,NULL,NULL,NULL,1),(275,'2019-07-12 14:15:00.286190',1,NULL,NULL,NULL,1),(276,'2019-07-12 14:15:32.163333',1,NULL,NULL,NULL,1),(277,'2019-07-12 14:16:03.830616',1,NULL,NULL,NULL,1),(278,'2019-07-12 14:16:35.917664',1,NULL,NULL,NULL,1),(279,'2019-07-12 14:17:06.706296',1,NULL,NULL,NULL,1),(280,'2019-07-12 14:17:37.996547',1,NULL,NULL,NULL,1),(281,'2019-07-12 14:18:09.531643',1,NULL,NULL,NULL,1),(282,'2019-07-12 14:18:40.730031',1,NULL,NULL,NULL,1),(283,'2019-07-12 14:19:12.046246',1,NULL,NULL,NULL,1),(284,'2019-07-12 14:19:44.168313',1,NULL,NULL,NULL,1),(285,'2019-07-12 14:20:15.950287',1,NULL,NULL,NULL,1),(286,'2019-07-12 14:20:47.570696',1,NULL,NULL,NULL,1),(287,'2019-07-12 14:21:19.232991',1,NULL,NULL,NULL,1),(288,'2019-07-12 14:21:50.917229',1,NULL,NULL,NULL,1),(289,'2019-07-12 14:22:22.641130',1,NULL,NULL,NULL,1),(290,'2019-07-12 14:22:54.327175',1,NULL,NULL,NULL,1),(291,'2019-07-12 14:23:25.971521',1,NULL,NULL,NULL,1),(292,'2019-07-12 14:23:57.577822',1,NULL,NULL,NULL,1),(293,'2019-07-12 14:24:28.453190',0,NULL,NULL,NULL,1),(294,'2019-07-12 14:24:58.757119',0,NULL,NULL,NULL,1),(295,'2019-07-12 14:25:29.330330',0,NULL,NULL,NULL,1),(296,'2019-07-12 14:25:59.427812',1,NULL,NULL,NULL,1),(297,'2019-07-12 14:26:30.508666',1,NULL,NULL,NULL,1),(298,'2019-07-12 14:27:00.970173',0,NULL,NULL,NULL,1),(299,'2019-07-12 14:27:32.036427',1,NULL,NULL,NULL,1),(300,'2019-07-12 14:28:02.966681',0,NULL,NULL,NULL,1),(301,'2019-07-12 14:28:33.039127',0,NULL,NULL,NULL,1),(302,'2019-07-12 14:29:03.148826',1,NULL,NULL,NULL,1),(303,'2019-07-12 14:29:33.236336',0,NULL,NULL,NULL,1),(304,'2019-07-12 14:30:03.481426',0,NULL,NULL,NULL,1),(305,'2019-07-12 14:30:33.720526',0,NULL,NULL,NULL,1),(306,'2019-07-12 14:31:03.855906',0,NULL,NULL,NULL,1),(307,'2019-07-12 14:31:34.048135',0,NULL,NULL,NULL,1),(308,'2019-07-12 14:32:04.180525',0,NULL,NULL,NULL,1),(309,'2019-07-12 14:32:34.359849',0,NULL,NULL,NULL,1),(310,'2019-07-12 14:33:04.381534',0,NULL,NULL,NULL,1),(311,'2019-07-12 14:33:34.971816',0,NULL,NULL,NULL,1),(312,'2019-07-12 14:34:05.087247',0,NULL,NULL,NULL,1),(313,'2019-07-12 14:34:35.202682',0,NULL,NULL,NULL,1),(314,'2019-07-12 14:35:05.402889',0,NULL,NULL,NULL,1),(315,'2019-07-12 14:35:35.598137',0,NULL,NULL,NULL,1),(316,'2019-07-12 14:36:05.645751',0,NULL,NULL,NULL,1),(317,'2019-07-12 14:36:35.813048',0,NULL,NULL,NULL,1),(318,'2019-07-12 14:37:05.993286',0,NULL,NULL,NULL,1),(319,'2019-07-12 14:37:36.117781',0,NULL,NULL,NULL,1),(320,'2019-07-12 14:38:06.927361',0,NULL,NULL,NULL,1),(321,'2019-07-12 14:38:37.178430',0,NULL,NULL,NULL,1),(322,'2019-07-12 14:39:07.476376',0,NULL,NULL,NULL,1),(323,'2019-07-12 14:39:37.859093',2,NULL,NULL,NULL,1),(324,'2019-07-12 14:40:08.309453',0,NULL,NULL,NULL,1),(325,'2019-07-12 14:40:40.122345',0,NULL,NULL,NULL,1),(326,'2019-07-12 14:41:15.797902',5,NULL,NULL,NULL,1),(327,'2019-07-12 14:41:50.239763',2,NULL,NULL,NULL,1),(328,'2019-07-12 14:42:24.347863',2,NULL,NULL,NULL,1),(329,'2019-07-12 14:42:58.297040',1,NULL,NULL,NULL,1),(330,'2019-07-12 14:43:32.413858',3,NULL,NULL,NULL,1),(331,'2019-07-12 14:44:07.063194',3,NULL,NULL,NULL,1),(332,'2019-07-12 14:44:40.589472',1,NULL,NULL,NULL,1),(333,'2019-07-12 14:45:13.605151',3,NULL,NULL,NULL,1),(334,'2019-07-12 14:45:49.242808',1,NULL,NULL,NULL,1),(335,'2019-07-12 14:46:22.356221',1,NULL,NULL,NULL,1),(336,'2019-07-12 14:46:55.877411',2,NULL,NULL,NULL,1),(337,'2019-07-12 14:47:28.800055',1,NULL,NULL,NULL,1),(338,'2019-07-12 14:47:59.914807',0,NULL,NULL,NULL,1),(339,'2019-07-12 14:48:31.125312',0,NULL,NULL,NULL,1),(340,'2019-07-12 15:39:12.728460',1,NULL,NULL,NULL,1),(341,'2019-07-12 15:39:45.168142',1,NULL,NULL,NULL,1),(342,'2019-07-12 15:40:18.414849',1,NULL,NULL,NULL,1),(343,'2019-07-12 15:40:52.180310',1,NULL,NULL,NULL,1),(344,'2019-07-12 15:41:27.147915',1,NULL,NULL,NULL,1),(345,'2019-07-12 15:42:01.961233',1,NULL,NULL,NULL,1),(346,'2019-07-12 15:42:39.378591',1,NULL,NULL,NULL,1),(347,'2019-07-12 15:43:18.763070',1,NULL,NULL,NULL,1),(348,'2019-07-12 15:43:57.191602',1,NULL,NULL,NULL,1),(349,'2019-07-12 15:45:17.046743',1,NULL,NULL,NULL,1),(350,'2019-07-12 15:51:06.182890',1,NULL,NULL,NULL,1),(351,'2019-07-12 15:51:38.467473',1,NULL,NULL,NULL,1),(352,'2019-07-12 15:52:13.284730',1,NULL,NULL,NULL,1),(353,'2019-07-12 15:52:48.974417',1,NULL,NULL,NULL,1),(354,'2019-07-12 15:53:27.426333',1,NULL,NULL,NULL,1),(355,'2019-07-12 15:54:03.043691',1,NULL,NULL,NULL,1),(356,'2019-07-12 15:54:39.074692',1,NULL,NULL,NULL,1),(357,'2019-07-12 15:58:15.237553',1,NULL,NULL,NULL,1),(358,'2019-07-12 15:58:52.349956',1,NULL,NULL,NULL,1),(359,'2019-07-15 16:29:00.672365',1,NULL,NULL,NULL,1),(360,'2019-07-15 16:30:00.632956',1,NULL,NULL,NULL,1),(361,'2019-07-15 16:30:36.765295',1,NULL,NULL,NULL,1),(362,'2019-07-15 16:31:11.549240',2,NULL,NULL,NULL,1),(363,'2019-07-15 16:31:47.001379',1,NULL,NULL,NULL,1),(364,'2019-07-15 16:32:22.587600',1,NULL,NULL,NULL,1),(365,'2019-07-15 16:32:59.349764',1,NULL,NULL,NULL,1),(366,'2019-07-15 16:33:49.778977',1,NULL,NULL,NULL,1),(367,'2019-07-15 16:34:31.553537',1,NULL,NULL,NULL,1),(368,'2019-07-15 16:35:12.694622',1,NULL,NULL,NULL,1),(369,'2019-07-15 16:35:54.360321',1,NULL,NULL,NULL,1),(370,'2019-07-15 16:36:36.357745',1,NULL,NULL,NULL,1),(371,'2019-07-15 16:37:34.185317',1,NULL,NULL,NULL,1),(372,'2019-07-15 22:32:21.688949',1,NULL,NULL,NULL,1),(373,'2019-07-15 22:32:59.915358',1,NULL,NULL,NULL,1),(374,'2019-07-15 22:33:40.013205',1,NULL,NULL,NULL,1),(375,'2019-07-15 22:34:16.597859',1,NULL,NULL,NULL,1),(376,'2019-07-15 22:34:53.383166',1,NULL,NULL,NULL,1),(377,'2019-07-15 22:35:50.020881',2,NULL,NULL,NULL,1),(378,'2019-07-15 22:37:48.803041',1,NULL,NULL,NULL,1),(379,'2019-07-15 22:40:05.597780',1,NULL,NULL,NULL,1),(380,'2019-07-15 22:44:04.063858',1,NULL,NULL,NULL,1),(381,'2019-07-15 22:44:43.808051',1,NULL,NULL,NULL,1),(382,'2019-07-15 22:45:21.657784',1,NULL,NULL,NULL,1),(383,'2019-07-15 22:45:57.910799',1,NULL,NULL,NULL,1),(384,'2019-07-15 22:46:37.163704',1,NULL,NULL,NULL,1),(385,'2019-07-15 22:47:14.782489',1,NULL,NULL,NULL,1),(386,'2019-07-15 22:48:16.550496',1,NULL,NULL,NULL,1),(387,'2019-07-15 22:50:15.921482',1,NULL,NULL,NULL,1),(388,'2019-07-15 22:50:53.937300',1,NULL,NULL,NULL,1),(389,'2019-07-15 22:51:32.178070',1,NULL,NULL,NULL,1),(390,'2019-07-15 23:13:54.888805',1,NULL,NULL,NULL,1),(391,'2019-07-15 23:14:36.472558',1,NULL,NULL,NULL,1),(392,'2019-07-15 23:15:52.747846',0,NULL,NULL,NULL,1),(393,'2019-07-15 23:17:26.081125',1,NULL,NULL,NULL,1),(394,'2019-07-15 23:19:31.397363',0,NULL,NULL,NULL,1),(395,'2019-07-15 23:21:36.418079',1,NULL,NULL,NULL,1),(396,'2019-07-16 13:21:32.121763',1,NULL,NULL,NULL,1),(397,'2019-07-16 13:22:09.951089',1,NULL,NULL,NULL,1),(398,'2019-07-16 13:22:46.051771',2,NULL,NULL,NULL,1),(399,'2019-07-16 13:23:23.051681',2,NULL,NULL,NULL,1),(400,'2019-07-16 13:24:02.615613',1,NULL,NULL,NULL,1),(401,'2019-07-16 13:24:45.358356',3,NULL,NULL,NULL,1),(402,'2019-07-16 13:25:32.349730',2,NULL,NULL,NULL,1),(403,'2019-07-16 13:28:23.805220',1,NULL,NULL,NULL,1),(404,'2019-07-16 13:29:14.692755',1,NULL,NULL,NULL,1),(405,'2019-07-16 13:30:08.059324',2,NULL,NULL,NULL,1),(406,'2019-07-16 13:53:57.679521',1,NULL,NULL,NULL,1),(407,'2019-07-16 13:54:31.808762',1,NULL,NULL,NULL,1),(408,'2019-07-16 13:55:07.220384',1,NULL,NULL,NULL,1),(409,'2019-07-16 13:55:43.152648',3,NULL,NULL,NULL,1),(410,'2019-07-16 13:56:19.969797',3,NULL,NULL,NULL,1),(411,'2019-07-16 13:56:56.564294',1,NULL,NULL,NULL,1),(412,'2019-07-16 13:57:30.661801',1,NULL,NULL,NULL,1),(413,'2019-07-16 13:58:07.590441',3,NULL,NULL,NULL,1),(414,'2019-07-16 13:58:45.972398',2,NULL,NULL,NULL,1),(415,'2019-07-16 13:59:24.010751',3,NULL,NULL,NULL,1),(416,'2019-07-16 14:00:00.399175',1,NULL,NULL,NULL,1),(417,'2019-07-16 14:00:35.770594',1,NULL,NULL,NULL,1),(418,'2019-07-16 14:01:11.828711',1,NULL,NULL,NULL,1),(419,'2019-07-16 14:01:49.458191',2,NULL,NULL,NULL,1),(420,'2019-07-16 14:02:26.737452',3,NULL,NULL,NULL,1),(421,'2019-07-16 14:03:04.603766',2,NULL,NULL,NULL,1),(422,'2019-07-16 14:03:42.223626',2,NULL,NULL,NULL,1),(423,'2019-07-16 14:04:20.030186',1,NULL,NULL,NULL,1),(424,'2019-07-16 14:04:56.957364',3,NULL,NULL,NULL,1),(425,'2019-07-16 14:05:34.018436',2,NULL,NULL,NULL,1),(426,'2019-07-16 14:06:11.060531',2,NULL,NULL,NULL,1),(427,'2019-07-16 14:06:47.568910',1,NULL,NULL,NULL,1),(428,'2019-07-16 14:07:24.079717',1,NULL,NULL,NULL,1),(429,'2019-07-16 14:08:00.848510',2,NULL,NULL,NULL,1),(430,'2019-07-16 14:08:38.319967',1,NULL,NULL,NULL,1),(431,'2019-07-16 14:09:14.905255',1,NULL,NULL,NULL,1),(432,'2019-07-16 14:09:51.410273',1,NULL,NULL,NULL,1),(433,'2019-07-16 14:10:28.192584',1,NULL,NULL,NULL,1),(434,'2019-07-16 14:11:04.517239',1,NULL,NULL,NULL,1),(435,'2019-07-16 14:11:40.829369',1,NULL,NULL,NULL,1),(436,'2019-07-16 14:12:17.695109',2,NULL,NULL,NULL,1),(437,'2019-07-16 14:12:54.373212',2,NULL,NULL,NULL,1),(438,'2019-07-16 14:13:31.571648',2,NULL,NULL,NULL,1),(439,'2019-07-16 14:14:09.565451',2,NULL,NULL,NULL,1),(440,'2019-07-16 14:14:46.120194',1,NULL,NULL,NULL,1),(441,'2019-07-16 14:15:22.925900',2,NULL,NULL,NULL,1),(442,'2019-07-16 14:15:59.961735',1,NULL,NULL,NULL,1),(443,'2019-07-16 14:16:37.540404',2,NULL,NULL,NULL,1),(444,'2019-07-16 14:17:15.524754',4,NULL,NULL,NULL,1),(445,'2019-07-16 14:17:51.525183',1,NULL,NULL,NULL,1),(446,'2019-07-16 14:18:27.853205',1,NULL,NULL,NULL,1),(447,'2019-07-16 14:19:04.521188',1,NULL,NULL,NULL,1),(448,'2019-07-16 14:19:41.075400',2,NULL,NULL,NULL,1),(449,'2019-07-16 14:20:18.261193',1,NULL,NULL,NULL,1),(450,'2019-07-16 14:20:55.965418',3,NULL,NULL,NULL,1),(451,'2019-07-16 14:21:34.031953',2,NULL,NULL,NULL,1),(452,'2019-07-16 14:22:11.705407',2,NULL,NULL,NULL,1),(453,'2019-07-03 08:10:00.000',2,NULL,NULL,NULL,2),(454,'2019-07-03 08:20:00.000',3,NULL,NULL,NULL,2),(455,'2019-07-03 08:30:00.000',3,NULL,NULL,NULL,2),(456,'2019-07-03 08:40:00.000',5,NULL,NULL,NULL,2),(457,'2019-07-03 08:50:00.000',5,NULL,NULL,NULL,2),(458,'2019-07-03 09:00:00.000',5,NULL,NULL,NULL,2),(459,'2019-07-03 09:10:00.000',6,NULL,NULL,NULL,2),(460,'2019-07-03 09:20:00.000',6,NULL,NULL,NULL,2),(461,'2019-07-03 09:30:00.000',6,NULL,NULL,NULL,2),(462,'2019-07-03 09:40:00.000',6,NULL,NULL,NULL,2),(463,'2019-07-03 09:50:00.000',6,NULL,NULL,NULL,2),(464,'2019-07-03 10:00:00.000',8,NULL,NULL,NULL,2),(465,'2019-07-03 10:10:00.000',6,NULL,NULL,NULL,2),(466,'2019-07-03 10:20:00.000',8,NULL,NULL,NULL,2),(467,'2019-07-03 10:30:00.000',8,NULL,NULL,NULL,2),(468,'2019-07-03 10:40:00.000',8,NULL,NULL,NULL,2),(469,'2019-07-03 10:50:00.000',8,NULL,NULL,NULL,2),(470,'2019-07-03 11:00:00.000',8,NULL,NULL,NULL,2),(471,'2019-07-03 11:10:00.000',12,NULL,NULL,NULL,2),(472,'2019-07-03 11:20:00.000',17,NULL,NULL,NULL,2),(473,'2019-07-03 11:30:00.000',8,NULL,NULL,NULL,2),(474,'2019-07-03 11:40:00.000',17,NULL,NULL,NULL,2),(475,'2019-07-03 11:50:00.000',17,NULL,NULL,NULL,2),(476,'2019-07-03 12:00:00.000',7,NULL,NULL,NULL,2),(477,'2019-07-03 12:10:00.000',7,NULL,NULL,NULL,2),(478,'2019-07-03 12:20:00.000',7,NULL,NULL,NULL,2),(479,'2019-07-03 12:30:00.000',7,NULL,NULL,NULL,2),(480,'2019-07-03 12:40:00.000',7,NULL,NULL,NULL,2),(481,'2019-07-03 12:50:00.000',5,NULL,NULL,NULL,2),(482,'2019-07-03 13:00:00.000',5,NULL,NULL,NULL,2),(483,'2019-07-08 08:00:00.000',5,NULL,NULL,NULL,2),(484,'2019-07-08 08:10:00.000',5,NULL,NULL,NULL,2),(485,'2019-07-08 08:20:00.000',7,NULL,NULL,NULL,2),(486,'2019-07-08 08:30:00.000',7,NULL,NULL,NULL,2),(487,'2019-07-08 08:40:00.000',10,NULL,NULL,NULL,2),(488,'2019-07-08 08:50:00.000',5,NULL,NULL,NULL,2),(489,'2019-07-08 09:00:00.000',10,NULL,NULL,NULL,2),(490,'2019-07-08 09:10:00.000',3,NULL,NULL,NULL,2),(491,'2019-07-08 09:20:00.000',2,NULL,NULL,NULL,2),(492,'2019-07-08 09:30:00.000',10,NULL,NULL,NULL,2),(493,'2019-07-08 09:40:00.000',10,NULL,NULL,NULL,2),(494,'2019-07-08 09:50:00.000',10,NULL,NULL,NULL,2),(495,'2019-07-08 10:00:00.000',22,NULL,NULL,NULL,2),(496,'2019-07-08 10:10:00.000',10,NULL,NULL,NULL,2),(497,'2019-07-08 10:20:00.000',10,NULL,NULL,NULL,2),(498,'2019-07-08 10:30:00.000',5,NULL,NULL,NULL,2),(499,'2019-07-08 11:40:00.000',10,NULL,NULL,NULL,2),(500,'2019-07-08 11:50:00.000',10,NULL,NULL,NULL,2),(501,'2019-07-08 12:10:00.000',4,NULL,NULL,NULL,2),(502,'2019-07-08 13:10:00.000',10,NULL,NULL,NULL,2),(503,'2019-07-08 14:20:00.000',3,NULL,NULL,NULL,2),(504,'2019-07-08 15:30:00.000',1,NULL,NULL,NULL,2),(505,'2019-07-08 16:40:00.000',6,NULL,NULL,NULL,2),(506,'2019-07-08 17:50:00.000',10,NULL,NULL,NULL,2),(507,'2019-07-08 18:00:00.000',6,NULL,NULL,NULL,2),(508,'2019-07-08 19:00:00.000',3,NULL,NULL,NULL,2),(509,'2019-07-08 19:30:00.000',8,NULL,NULL,NULL,2),(510,'2019-07-08 20:00:00.000',10,NULL,NULL,NULL,2),(514,'2019-07-10 13:20:00.000',10,NULL,NULL,NULL,2),(515,'2019-07-10 14:40:00.000',12,NULL,NULL,NULL,2),(516,'2019-07-10 14:51:00.000',8,NULL,NULL,NULL,2),(517,'2019-07-10 14:52:00.000',10,NULL,NULL,NULL,2),(518,'2019-07-10 15:00:00.000',5,NULL,NULL,NULL,2),(519,'2019-07-10 15:10:00.000',3,NULL,NULL,NULL,2),(520,'2019-07-10 15:20:00.000',10,NULL,NULL,NULL,2),(521,'2019-07-10 15:30:00.000',5,NULL,NULL,NULL,2),(522,'2019-07-10 16:00:00.000',10,NULL,NULL,NULL,2),(523,'2019-07-10 16:32:00.000',3,NULL,NULL,NULL,2),(524,'2019-07-10 16:50:00.000',5,NULL,NULL,NULL,2),(525,'2019-07-10 16:55:00.000',10,NULL,NULL,NULL,2),(526,'2019-07-12 11:00:00.000',5,NULL,NULL,NULL,2),(527,'2019-07-12 08:00:00.000',10,NULL,NULL,NULL,2),(528,'2019-07-12 08:10:00.000',10,NULL,NULL,NULL,2),(529,'2019-07-12 08:30:00.000',3,NULL,NULL,NULL,2),(530,'2019-07-15 08:40:00.000',10,NULL,NULL,NULL,2),(531,'2019-07-15 08:50:00.000',10,NULL,NULL,NULL,2),(532,'2019-07-15 09:00:00.000',7,NULL,NULL,NULL,2),(533,'2019-07-15 09:20:00.000',10,NULL,NULL,NULL,2),(534,'2019-07-15 09:20:00.000',7,NULL,NULL,NULL,2),(535,'2019-07-15 09:30:00.000',10,NULL,NULL,NULL,2),(536,'2019-07-15 09:40:00.000',3,NULL,NULL,NULL,2),(537,'2019-07-15 09:50:00.000',7,NULL,NULL,NULL,2),(538,'2019-07-15 10:00:00.000',10,NULL,NULL,NULL,2),(539,'2019-07-15 10:10:00.000',7,NULL,NULL,NULL,2),(540,'2019-07-15 10:20:00.000',10,NULL,NULL,NULL,2),(541,'2019-07-15 10:30:00.000',10,NULL,NULL,NULL,2),(542,'2019-07-15 10:40:00.000',3,NULL,NULL,NULL,2),(543,'2019-07-15 10:50:00.000',10,NULL,NULL,NULL,2),(544,'2019-07-15 11:00:00.000',2,NULL,NULL,NULL,2),(545,'2019-07-15 11:10:00.000',3,NULL,NULL,NULL,2),(546,'2019-07-15 11:20:00.000',10,NULL,NULL,NULL,2),(547,'2019-07-16 11:30:00.000',3,NULL,NULL,NULL,2),(548,'2019-07-16 11:40:00.000',2,NULL,NULL,NULL,2),(552,'2019-07-19 16:03:18.452376',2,'154,213;174,237;96,239;','Male;Male;','(25-32);(4-6);',1),(553,'2019-07-19 16:05:13.234861',2,'154,213;174,237;96,239;','Male;Male;','(25-32);(4-6);',1),(554,'2019-07-19 16:06:23.447194',2,'154,213;174,237;96,239;','Male;Male;','(25-32);(4-6);',1),(555,'2019-07-19 16:15:02.367155',2,'154,213;174,237;96,239;','','',1),(556,'2019-07-08 10:40:00.000',4,NULL,NULL,NULL,1),(557,'2019-07-08 10:50:00.000',12,NULL,NULL,NULL,1),(558,'2019-07-08 10:44:00:000',10,NULL,NULL,NULL,2),(559,'2019-07-08 10:52:00:000',5,NULL,NULL,NULL,2),(560,'2019-07-20 13:19:30.218105',1,'319,359;','','',1),(561,'2019-07-20 13:33:28.463052',1,'195,240;82,239;','','',1),(562,'2019-07-20 13:34:19.864789',1,'220,126;250,122;190,121;','','',1),(563,'2019-07-20 13:34:25.609452',1,NULL,NULL,NULL,1),(564,'2019-07-20 13:35:12.445865',2,NULL,NULL,NULL,1),(565,'2019-07-20 13:35:59.609319',1,NULL,NULL,NULL,1),(566,'2019-07-20 13:36:42.602373',1,NULL,NULL,NULL,1),(567,'2019-07-20 15:12:39.691502',0,NULL,NULL,NULL,1),(568,'2019-07-20 15:13:44.667694',0,NULL,NULL,NULL,1),(569,'2019-07-20 15:14:33.064325',1,NULL,NULL,NULL,1),(570,'2019-07-20 15:17:34.535338',1,'136,240;','','',1),(571,'2019-07-03 08:01:05.993286',8,NULL,NULL,NULL,4),(572,'2019-07-03 08:10:05.993286',8,NULL,NULL,NULL,4),(573,'2019-07-03 09:20:05.993286',5,NULL,NULL,NULL,4),(574,'2019-07-03 09:30:05.993286',8,NULL,NULL,NULL,4),(575,'2019-07-03 10:40:05.993286',5,NULL,NULL,NULL,4),(576,'2019-07-03 10:50:05.993286',8,NULL,NULL,NULL,4),(577,'2019-07-03 11:00:05.993286',4,NULL,NULL,NULL,4),(578,'2019-07-03 11:10:05.993286',5,NULL,NULL,NULL,4),(579,'2019-07-03 12:10:05.993286',5,NULL,NULL,NULL,4),(580,'2019-07-03 12:31:05.993286',5,NULL,NULL,NULL,4),(581,'2019-07-03 13:01:05.993286',5,NULL,NULL,NULL,4),(582,'2019-07-03 13:41:05.993286',12,NULL,NULL,NULL,4),(583,'2019-07-03 14:20:05.993286',5,NULL,NULL,NULL,4),(584,'2019-07-03 14:31:05.993286',2,NULL,NULL,NULL,4),(585,'2019-07-03 15:01:05.993286',5,NULL,NULL,NULL,4),(586,'2019-07-03 15:41:05.993286',5,NULL,NULL,NULL,4),(587,'2019-07-03 16:20:05.993286',5,NULL,NULL,NULL,4),(588,'2019-07-03 16:31:05.993286',12,NULL,NULL,NULL,4),(589,'2019-07-03 17:01:05.993286',5,NULL,NULL,NULL,4),(590,'2019-07-03 17:41:05.993286',5,NULL,NULL,NULL,4),(591,'2019-07-03 18:01:05.993286',5,NULL,NULL,NULL,4),(592,'2019-07-03 18:41:05.993286',18,NULL,NULL,NULL,4),(593,'2019-07-03 19:01:05.993286',5,NULL,NULL,NULL,4),(594,'2019-07-03 19:41:05.993286',5,NULL,NULL,NULL,4),(595,'2019-07-03 08:01:05.993286',5,NULL,NULL,NULL,7),(596,'2019-07-03 08:10:05.993286',5,NULL,NULL,NULL,7),(597,'2019-07-03 09:20:05.993286',5,NULL,NULL,NULL,7),(598,'2019-07-03 09:30:05.993286',9,NULL,NULL,NULL,7),(599,'2019-07-03 10:40:05.993286',7,NULL,NULL,NULL,7),(600,'2019-07-03 10:50:05.993286',7,NULL,NULL,NULL,7),(601,'2019-07-03 11:00:05.993286',7,NULL,NULL,NULL,7),(602,'2019-07-03 11:10:05.993286',7,NULL,NULL,NULL,7),(603,'2019-07-03 12:10:05.993286',5,NULL,NULL,NULL,7),(604,'2019-07-03 12:31:05.993286',5,NULL,NULL,NULL,7),(605,'2019-07-03 13:01:05.993286',7,NULL,NULL,NULL,7),(606,'2019-07-03 13:41:05.993286',7,NULL,NULL,NULL,7),(607,'2019-07-03 14:20:05.993286',5,NULL,NULL,NULL,7),(608,'2019-07-03 14:31:05.993286',7,NULL,NULL,NULL,7),(609,'2019-07-03 15:01:05.993286',5,NULL,NULL,NULL,7),(610,'2019-07-03 15:41:05.993286',7,NULL,NULL,NULL,7),(611,'2019-07-03 16:20:05.993286',5,NULL,NULL,NULL,7),(612,'2019-07-03 16:31:05.993286',5,NULL,NULL,NULL,7),(613,'2019-07-03 17:01:05.993286',7,NULL,NULL,NULL,7),(614,'2019-07-03 17:41:05.993286',5,NULL,NULL,NULL,7),(615,'2019-07-03 18:01:05.993286',7,NULL,NULL,NULL,7),(616,'2019-07-03 18:41:05.993286',5,NULL,NULL,NULL,7),(617,'2019-07-03 19:01:05.993286',9,NULL,NULL,NULL,7),(618,'2019-07-03 19:41:05.993286',7,NULL,NULL,NULL,7),(619,'2019-07-08 08:01:05.993286',9,NULL,NULL,NULL,4),(620,'2019-07-08 08:10:05.993286',5,NULL,NULL,NULL,4),(621,'2019-07-08 09:00:05.993286',9,NULL,NULL,NULL,4),(622,'2019-07-08 09:10:05.993286',5,NULL,NULL,NULL,4),(623,'2019-07-08 10:08:05.993286',1,NULL,NULL,NULL,4),(624,'2019-07-08 10:12:05.993286',3,NULL,NULL,NULL,4),(625,'2019-07-08 11:00:05.993286',1,NULL,NULL,NULL,4),(626,'2019-07-08 11:10:05.993286',3,NULL,NULL,NULL,4),(627,'2019-07-08 12:10:05.993286',9,NULL,NULL,NULL,4),(628,'2019-07-08 12:31:05.993286',6,NULL,NULL,NULL,4),(629,'2019-07-08 13:01:05.993286',5,NULL,NULL,NULL,4),(630,'2019-07-08 13:41:05.993286',1,NULL,NULL,NULL,4),(631,'2019-07-08 14:20:05.993286',5,NULL,NULL,NULL,4),(632,'2019-07-08 14:31:05.993286',3,NULL,NULL,NULL,4),(633,'2019-07-08 15:01:05.993286',5,NULL,NULL,NULL,4),(634,'2019-07-08 15:41:05.993286',12,NULL,NULL,NULL,4),(635,'2019-07-08 16:20:05.993286',5,NULL,NULL,NULL,4),(636,'2019-07-08 16:31:05.993286',3,NULL,NULL,NULL,4),(637,'2019-07-08 17:01:05.993286',5,NULL,NULL,NULL,4),(638,'2019-07-08 17:41:05.993286',9,NULL,NULL,NULL,4),(639,'2019-07-08 18:01:05.993286',12,NULL,NULL,NULL,4),(640,'2019-07-08 18:41:05.993286',6,NULL,NULL,NULL,4),(641,'2019-07-08 19:01:05.993286',5,NULL,NULL,NULL,4),(642,'2019-07-08 19:41:05.993286',1,NULL,NULL,NULL,4),(643,'2019-07-08 08:01:05.993286',1,NULL,NULL,NULL,7),(644,'2019-07-08 08:10:05.993286',3,NULL,NULL,NULL,7),(645,'2019-07-08 09:03:05.993286',1,NULL,NULL,NULL,7),(646,'2019-07-08 09:13:05.993286',3,NULL,NULL,NULL,7),(647,'2019-07-08 10:05:05.993286',12,NULL,NULL,NULL,7),(648,'2019-07-08 10:12:05.993286',5,NULL,NULL,NULL,7),(649,'2019-07-08 11:00:05.993286',1,NULL,NULL,NULL,7),(650,'2019-07-08 11:10:05.993286',5,NULL,NULL,NULL,7),(651,'2019-07-08 12:10:05.993286',3,NULL,NULL,NULL,7),(652,'2019-07-08 12:31:05.993286',12,NULL,NULL,NULL,7),(653,'2019-07-08 13:01:05.993286',3,NULL,NULL,NULL,7),(654,'2019-07-08 13:41:05.993286',5,NULL,NULL,NULL,7),(655,'2019-07-08 14:20:05.993286',1,NULL,NULL,NULL,7),(656,'2019-07-08 14:31:05.993286',4,NULL,NULL,NULL,7),(657,'2019-07-08 15:01:05.993286',9,NULL,NULL,NULL,7),(658,'2019-07-08 15:41:05.993286',3,NULL,NULL,NULL,7),(659,'2019-07-08 16:20:05.993286',12,NULL,NULL,NULL,7),(660,'2019-07-08 16:31:05.993286',5,NULL,NULL,NULL,7),(661,'2019-07-08 17:01:05.993286',1,NULL,NULL,NULL,7),(662,'2019-07-08 17:41:05.993286',5,NULL,NULL,NULL,7),(663,'2019-07-08 18:01:05.993286',12,NULL,NULL,NULL,7),(664,'2019-07-08 18:41:05.993286',5,NULL,NULL,NULL,7),(665,'2019-07-08 19:01:05.993286',12,NULL,NULL,NULL,7),(666,'2019-07-08 19:41:05.993286',5,NULL,NULL,NULL,7),(667,'2019-07-19 08:01:05.993286',5,NULL,NULL,NULL,2),(668,'2019-07-19 08:10:05.993286',9,NULL,NULL,NULL,2),(669,'2019-07-20 08:01:05.993286',8,NULL,NULL,NULL,2),(670,'2019-07-20 08:10:05.993286',9,NULL,NULL,NULL,2),(671,'2019-07-10 08:01:05.993286',8,NULL,NULL,NULL,4),(672,'2019-07-10 08:10:05.993286',9,NULL,NULL,NULL,4),(673,'2019-07-10 09:20:05.993286',5,NULL,NULL,NULL,4),(674,'2019-07-10 09:30:05.993286',5,NULL,NULL,NULL,4),(675,'2019-07-10 10:40:05.993286',5,NULL,NULL,NULL,4),(676,'2019-07-10 10:50:05.993286',8,NULL,NULL,NULL,4),(677,'2019-07-10 11:00:05.993286',5,NULL,NULL,NULL,4),(678,'2019-07-10 11:10:05.993286',8,NULL,NULL,NULL,4),(679,'2019-07-10 12:10:05.993286',7,NULL,NULL,NULL,4),(680,'2019-07-10 12:31:05.993286',6,NULL,NULL,NULL,4),(681,'2019-07-10 13:01:05.993286',7,NULL,NULL,NULL,4),(682,'2019-07-10 13:41:05.993286',5,NULL,NULL,NULL,4),(683,'2019-07-10 14:20:05.993286',8,NULL,NULL,NULL,4),(684,'2019-07-10 14:31:05.993286',5,NULL,NULL,NULL,4),(685,'2019-07-10 15:01:05.993286',5,NULL,NULL,NULL,4),(686,'2019-07-10 15:41:05.993286',8,NULL,NULL,NULL,4),(687,'2019-07-10 16:20:05.993286',5,NULL,NULL,NULL,4),(688,'2019-07-10 16:31:05.993286',4,NULL,NULL,NULL,4),(689,'2019-07-10 17:01:05.993286',4,NULL,NULL,NULL,4),(690,'2019-07-10 17:41:05.993286',5,NULL,NULL,NULL,4),(691,'2019-07-10 18:01:05.993286',5,NULL,NULL,NULL,4),(692,'2019-07-10 18:41:05.993286',5,NULL,NULL,NULL,4),(693,'2019-07-10 19:01:05.993286',5,NULL,NULL,NULL,4),(694,'2019-07-10 19:41:05.993286',5,NULL,NULL,NULL,4),(695,'2019-07-10 08:01:05.993286',5,NULL,NULL,NULL,7),(696,'2019-07-10 08:10:05.993286',7,NULL,NULL,NULL,7),(697,'2019-07-10 09:20:05.993286',3,NULL,NULL,NULL,7),(698,'2019-07-10 09:30:05.993286',9,NULL,NULL,NULL,7),(699,'2019-07-10 10:40:05.993286',7,NULL,NULL,NULL,7),(700,'2019-07-10 10:50:05.993286',5,NULL,NULL,NULL,7),(701,'2019-07-10 11:00:05.993286',12,NULL,NULL,NULL,7),(702,'2019-07-10 11:10:05.993286',4,NULL,NULL,NULL,7),(703,'2019-07-10 12:10:05.993286',4,NULL,NULL,NULL,7),(704,'2019-07-10 12:31:05.993286',7,NULL,NULL,NULL,7),(705,'2019-07-10 13:01:05.993286',6,NULL,NULL,NULL,7),(706,'2019-07-10 13:41:05.993286',8,NULL,NULL,NULL,7),(707,'2019-07-10 14:20:05.993286',2,NULL,NULL,NULL,7),(708,'2019-07-10 14:31:05.993286',12,NULL,NULL,NULL,7),(709,'2019-07-10 15:01:05.993286',2,NULL,NULL,NULL,7),(710,'2019-07-10 15:41:05.993286',5,NULL,NULL,NULL,7),(711,'2019-07-10 16:20:05.993286',1,NULL,NULL,NULL,7),(712,'2019-07-10 16:31:05.993286',4,NULL,NULL,NULL,7),(713,'2019-07-10 17:01:05.993286',5,NULL,NULL,NULL,7),(714,'2019-07-10 17:41:05.993286',4,NULL,NULL,NULL,7),(715,'2019-07-10 18:01:05.993286',9,NULL,NULL,NULL,7),(716,'2019-07-10 18:41:05.993286',5,NULL,NULL,NULL,7),(717,'2019-07-10 19:01:05.993286',15,NULL,NULL,NULL,7),(718,'2019-07-10 19:41:05.993286',8,NULL,NULL,NULL,7),(719,'2019-07-12 08:01:05.993286',5,NULL,NULL,NULL,4),(720,'2019-07-12 08:10:05.993286',5,NULL,NULL,NULL,4),(721,'2019-07-12 09:20:05.993286',8,NULL,NULL,NULL,4),(722,'2019-07-12 09:30:05.993286',5,NULL,NULL,NULL,4),(723,'2019-07-12 10:40:05.993286',9,NULL,NULL,NULL,4),(724,'2019-07-12 10:50:05.993286',5,NULL,NULL,NULL,4),(725,'2019-07-12 11:00:05.993286',7,NULL,NULL,NULL,4),(726,'2019-07-12 11:10:05.993286',5,NULL,NULL,NULL,4),(727,'2019-07-12 12:10:05.993286',5,NULL,NULL,NULL,4),(728,'2019-07-12 12:31:05.993286',3,NULL,NULL,NULL,4),(729,'2019-07-12 13:01:05.993286',9,NULL,NULL,NULL,4),(730,'2019-07-12 13:41:05.993286',3,NULL,NULL,NULL,4),(731,'2019-07-12 14:20:05.993286',5,NULL,NULL,NULL,4),(732,'2019-07-12 14:31:05.993286',7,NULL,NULL,NULL,4),(733,'2019-07-12 15:01:05.993286',5,NULL,NULL,NULL,4),(734,'2019-07-12 15:41:05.993286',9,NULL,NULL,NULL,4),(735,'2019-07-12 16:20:05.993286',3,NULL,NULL,NULL,4),(736,'2019-07-12 16:31:05.993286',3,NULL,NULL,NULL,4),(737,'2019-07-12 17:01:05.993286',5,NULL,NULL,NULL,4),(738,'2019-07-12 17:41:05.993286',3,NULL,NULL,NULL,4),(739,'2019-07-12 18:01:05.993286',3,NULL,NULL,NULL,4),(740,'2019-07-12 18:41:05.993286',5,NULL,NULL,NULL,4),(741,'2019-07-12 19:01:05.993286',3,NULL,NULL,NULL,4),(742,'2019-07-12 19:41:05.993286',5,NULL,NULL,NULL,4),(743,'2019-07-12 08:01:05.993286',5,NULL,NULL,NULL,7),(744,'2019-07-12 08:10:05.993286',7,NULL,NULL,NULL,7),(745,'2019-07-12 09:20:05.993286',3,NULL,NULL,NULL,7),(746,'2019-07-12 09:30:05.993286',9,NULL,NULL,NULL,7),(747,'2019-07-12 10:40:05.993286',3,NULL,NULL,NULL,7),(748,'2019-07-12 10:50:05.993286',5,NULL,NULL,NULL,7),(749,'2019-07-12 11:00:05.993286',3,NULL,NULL,NULL,7),(750,'2019-07-12 11:10:05.993286',4,NULL,NULL,NULL,7),(751,'2019-07-12 12:10:05.993286',8,NULL,NULL,NULL,7),(752,'2019-07-12 12:31:05.993286',7,NULL,NULL,NULL,7),(753,'2019-07-12 13:01:05.993286',6,NULL,NULL,NULL,7),(754,'2019-07-12 13:41:05.993286',8,NULL,NULL,NULL,7),(755,'2019-07-12 14:20:05.993286',3,NULL,NULL,NULL,7),(756,'2019-07-12 14:31:05.993286',7,NULL,NULL,NULL,7),(757,'2019-07-12 15:01:05.993286',3,NULL,NULL,NULL,7),(758,'2019-07-12 15:41:05.993286',5,NULL,NULL,NULL,7),(759,'2019-07-12 16:20:05.993286',1,NULL,NULL,NULL,7),(760,'2019-07-12 16:31:05.993286',3,NULL,NULL,NULL,7),(761,'2019-07-12 17:01:05.993286',5,NULL,NULL,NULL,7),(762,'2019-07-12 17:41:05.993286',3,NULL,NULL,NULL,7),(763,'2019-07-12 18:01:05.993286',9,NULL,NULL,NULL,7),(764,'2019-07-12 18:41:05.993286',5,NULL,NULL,NULL,7),(765,'2019-07-12 19:01:05.993286',12,NULL,NULL,NULL,7),(766,'2019-07-12 19:41:05.993286',7,NULL,NULL,NULL,7),(767,'2019-07-15 08:01:05.993286',5,NULL,NULL,NULL,4),(768,'2019-07-15 08:10:05.993286',4,NULL,NULL,NULL,4),(769,'2019-07-15 09:20:05.993286',5,NULL,NULL,NULL,4),(770,'2019-07-15 09:30:05.993286',4,NULL,NULL,NULL,4),(771,'2019-07-15 10:40:05.993286',3,NULL,NULL,NULL,4),(772,'2019-07-15 10:50:05.993286',17,NULL,NULL,NULL,4),(773,'2019-07-15 11:00:05.993286',5,NULL,NULL,NULL,4),(774,'2019-07-15 11:10:05.993286',5,NULL,NULL,NULL,4),(775,'2019-07-15 12:10:05.993286',4,NULL,NULL,NULL,4),(776,'2019-07-15 12:31:05.993286',5,NULL,NULL,NULL,4),(777,'2019-07-15 13:01:05.993286',8,NULL,NULL,NULL,4),(778,'2019-07-15 13:41:05.993286',5,NULL,NULL,NULL,4),(779,'2019-07-15 14:20:05.993286',5,NULL,NULL,NULL,4),(780,'2019-07-15 14:31:05.993286',5,NULL,NULL,NULL,4),(781,'2019-07-15 15:01:05.993286',3,NULL,NULL,NULL,4),(782,'2019-07-15 15:41:05.993286',5,NULL,NULL,NULL,4),(783,'2019-07-15 16:20:05.993286',8,NULL,NULL,NULL,4),(784,'2019-07-15 16:31:05.993286',2,NULL,NULL,NULL,4),(785,'2019-07-15 17:01:05.993286',5,NULL,NULL,NULL,4),(786,'2019-07-15 17:41:05.993286',8,NULL,NULL,NULL,4),(787,'2019-07-15 18:01:05.993286',5,NULL,NULL,NULL,4),(788,'2019-07-15 18:41:05.993286',8,NULL,NULL,NULL,4),(789,'2019-07-15 19:01:05.993286',8,NULL,NULL,NULL,4),(790,'2019-07-15 19:41:05.993286',5,NULL,NULL,NULL,4),(791,'2019-07-15 08:01:05.993286',5,NULL,NULL,NULL,7),(792,'2019-07-15 08:10:05.993286',9,NULL,NULL,NULL,7),(793,'2019-07-15 09:20:05.993286',3,NULL,NULL,NULL,7),(794,'2019-07-15 09:30:05.993286',9,NULL,NULL,NULL,7),(795,'2019-07-15 10:40:05.993286',7,NULL,NULL,NULL,7),(796,'2019-07-15 10:50:05.993286',5,NULL,NULL,NULL,7),(797,'2019-07-15 11:00:05.993286',12,NULL,NULL,NULL,7),(798,'2019-07-15 11:10:05.993286',4,NULL,NULL,NULL,7),(799,'2019-07-15 12:10:05.993286',8,NULL,NULL,NULL,7),(800,'2019-07-15 12:31:05.993286',7,NULL,NULL,NULL,7),(801,'2019-07-15 13:01:05.993286',2,NULL,NULL,NULL,7),(802,'2019-07-15 13:41:05.993286',8,NULL,NULL,NULL,7),(803,'2019-07-15 14:20:05.993286',2,NULL,NULL,NULL,7),(804,'2019-07-15 14:31:05.993286',7,NULL,NULL,NULL,7),(805,'2019-07-15 15:01:05.993286',10,NULL,NULL,NULL,7),(806,'2019-07-15 15:41:05.993286',5,NULL,NULL,NULL,7),(807,'2019-07-15 16:20:05.993286',12,NULL,NULL,NULL,7),(808,'2019-07-15 16:31:05.993286',4,NULL,NULL,NULL,7),(809,'2019-07-15 17:01:05.993286',77,NULL,NULL,NULL,7),(810,'2019-07-15 17:41:05.993286',5,NULL,NULL,NULL,7),(811,'2019-07-15 18:01:05.993286',9,NULL,NULL,NULL,7),(812,'2019-07-15 18:41:05.993286',5,NULL,NULL,NULL,7),(813,'2019-07-15 19:01:05.993286',7,NULL,NULL,NULL,7),(814,'2019-07-15 19:41:05.993286',7,NULL,NULL,NULL,7),(815,'2019-07-16 08:01:05.993286',7,NULL,NULL,NULL,4),(816,'2019-07-16 08:10:05.993286',5,NULL,NULL,NULL,4),(817,'2019-07-16 09:20:05.993286',5,NULL,NULL,NULL,4),(818,'2019-07-16 09:30:05.993286',5,NULL,NULL,NULL,4),(819,'2019-07-16 10:40:05.993286',7,NULL,NULL,NULL,4),(820,'2019-07-16 10:50:05.993286',7,NULL,NULL,NULL,4),(821,'2019-07-16 11:00:05.993286',10,NULL,NULL,NULL,4),(822,'2019-07-16 11:10:05.993286',5,NULL,NULL,NULL,4),(823,'2019-07-16 12:10:05.993286',7,NULL,NULL,NULL,4),(824,'2019-07-16 12:31:05.993286',5,NULL,NULL,NULL,4),(825,'2019-07-16 13:01:05.993286',5,NULL,NULL,NULL,4),(826,'2019-07-16 13:41:05.993286',5,NULL,NULL,NULL,4),(827,'2019-07-16 14:20:05.993286',7,NULL,NULL,NULL,4),(828,'2019-07-16 14:31:05.993286',7,NULL,NULL,NULL,4),(829,'2019-07-16 15:01:05.993286',5,NULL,NULL,NULL,4),(830,'2019-07-16 15:41:05.993286',6,NULL,NULL,NULL,4),(831,'2019-07-16 16:20:05.993286',2,NULL,NULL,NULL,4),(832,'2019-07-16 16:31:05.993286',7,NULL,NULL,NULL,4),(833,'2019-07-16 17:01:05.993286',12,NULL,NULL,NULL,4),(834,'2019-07-16 17:41:05.993286',5,NULL,NULL,NULL,4),(835,'2019-07-16 18:01:05.993286',7,NULL,NULL,NULL,4),(836,'2019-07-16 18:41:05.993286',2,NULL,NULL,NULL,4),(837,'2019-07-16 19:01:05.993286',2,NULL,NULL,NULL,4),(838,'2019-07-16 19:41:05.993286',10,NULL,NULL,NULL,4),(839,'2019-07-16 08:01:05.993286',5,NULL,NULL,NULL,7),(840,'2019-07-16 08:10:05.993286',7,NULL,NULL,NULL,7),(841,'2019-07-16 09:20:05.993286',6,NULL,NULL,NULL,7),(842,'2019-07-16 09:30:05.993286',9,NULL,NULL,NULL,7),(843,'2019-07-16 10:40:05.993286',10,NULL,NULL,NULL,7),(844,'2019-07-16 10:50:05.993286',5,NULL,NULL,NULL,7),(845,'2019-07-16 11:00:05.993286',12,NULL,NULL,NULL,7),(846,'2019-07-16 11:10:05.993286',4,NULL,NULL,NULL,7),(847,'2019-07-16 12:10:05.993286',8,NULL,NULL,NULL,7),(848,'2019-07-16 12:31:05.993286',7,NULL,NULL,NULL,7),(849,'2019-07-16 13:01:05.993286',10,NULL,NULL,NULL,7),(850,'2019-07-16 13:41:05.993286',8,NULL,NULL,NULL,7),(851,'2019-07-16 14:20:05.993286',10,NULL,NULL,NULL,7),(852,'2019-07-16 14:31:05.993286',7,NULL,NULL,NULL,7),(853,'2019-07-16 15:01:05.993286',10,NULL,NULL,NULL,7),(854,'2019-07-16 15:41:05.993286',77,NULL,NULL,NULL,7),(855,'2019-07-16 16:20:05.993286',9,NULL,NULL,NULL,7),(856,'2019-07-16 16:31:05.993286',6,NULL,NULL,NULL,7),(857,'2019-07-16 17:01:05.993286',5,NULL,NULL,NULL,7),(858,'2019-07-16 17:41:05.993286',5,NULL,NULL,NULL,7),(859,'2019-07-16 18:01:05.993286',4,NULL,NULL,NULL,7),(860,'2019-07-16 18:41:05.993286',5,NULL,NULL,NULL,7),(861,'2019-07-16 19:01:05.993286',2,NULL,NULL,NULL,7),(862,'2019-07-16 19:41:05.993286',9,NULL,NULL,NULL,7),(863,'2019-07-19 08:01:05.993286',5,NULL,NULL,NULL,7),(864,'2019-07-19 08:10:05.993286',7,NULL,NULL,NULL,7),(865,'2019-07-19 09:20:05.993286',11,NULL,NULL,NULL,7),(866,'2019-07-19 09:30:05.993286',9,NULL,NULL,NULL,7),(867,'2019-07-19 10:40:05.993286',7,NULL,NULL,NULL,7),(868,'2019-07-19 10:50:05.993286',6,NULL,NULL,NULL,7),(869,'2019-07-19 11:00:05.993286',12,NULL,NULL,NULL,7),(870,'2019-07-19 11:10:05.993286',3,NULL,NULL,NULL,7),(871,'2019-07-19 12:10:05.993286',8,NULL,NULL,NULL,7),(872,'2019-07-19 12:31:05.993286',7,NULL,NULL,NULL,7),(873,'2019-07-19 13:01:05.993286',12,NULL,NULL,NULL,7),(874,'2019-07-19 13:41:05.993286',2,NULL,NULL,NULL,7),(875,'2019-07-19 14:20:05.993286',2,NULL,NULL,NULL,7),(876,'2019-07-19 14:31:05.993286',1,NULL,NULL,NULL,7),(877,'2019-07-19 15:01:05.993286',5,NULL,NULL,NULL,7),(878,'2019-07-19 15:41:05.993286',5,NULL,NULL,NULL,7),(879,'2019-07-19 16:20:05.993286',1,NULL,NULL,NULL,7),(880,'2019-07-19 16:31:05.993286',4,NULL,NULL,NULL,7),(881,'2019-07-19 17:01:05.993286',5,NULL,NULL,NULL,7),(882,'2019-07-19 17:41:05.993286',5,NULL,NULL,NULL,7),(883,'2019-07-19 18:01:05.993286',9,NULL,NULL,NULL,7),(884,'2019-07-19 18:41:05.993286',5,NULL,NULL,NULL,7),(885,'2019-07-19 19:01:05.993286',12,NULL,NULL,NULL,7),(886,'2019-07-19 19:41:05.993286',7,NULL,NULL,NULL,7),(887,'2019-07-19 08:01:05.993286',4,NULL,NULL,NULL,4),(888,'2019-07-19 08:10:05.993286',5,NULL,NULL,NULL,4),(889,'2019-07-19 09:20:05.993286',5,NULL,NULL,NULL,4),(890,'2019-07-19 09:30:05.993286',6,NULL,NULL,NULL,4),(891,'2019-07-19 10:40:05.993286',6,NULL,NULL,NULL,4),(892,'2019-07-19 10:50:05.993286',6,NULL,NULL,NULL,4),(893,'2019-07-19 11:00:05.993286',0,NULL,NULL,NULL,4),(894,'2019-07-19 11:10:05.993286',5,NULL,NULL,NULL,4),(895,'2019-07-19 12:10:05.993286',9,NULL,NULL,NULL,4),(896,'2019-07-19 12:31:05.993286',5,NULL,NULL,NULL,4),(897,'2019-07-19 13:01:05.993286',5,NULL,NULL,NULL,4),(898,'2019-07-19 13:41:05.993286',5,NULL,NULL,NULL,4),(899,'2019-07-19 14:20:05.993286',5,NULL,NULL,NULL,4),(900,'2019-07-19 14:31:05.993286',5,NULL,NULL,NULL,4),(901,'2019-07-19 15:01:05.993286',7,NULL,NULL,NULL,4),(902,'2019-07-19 15:41:05.993286',4,NULL,NULL,NULL,4),(903,'2019-07-19 16:20:05.993286',7,NULL,NULL,NULL,4),(904,'2019-07-19 16:31:05.993286',4,NULL,NULL,NULL,4),(905,'2019-07-19 17:01:05.993286',5,NULL,NULL,NULL,4),(906,'2019-07-19 17:41:05.993286',5,NULL,NULL,NULL,4),(907,'2019-07-19 18:01:05.993286',12,NULL,NULL,NULL,4),(908,'2019-07-19 18:41:05.993286',5,NULL,NULL,NULL,4),(909,'2019-07-19 19:01:05.993286',7,NULL,NULL,NULL,4),(910,'2019-07-19 19:41:05.993286',5,NULL,NULL,NULL,4),(911,'2019-07-20 08:01:05.993286',7,NULL,NULL,NULL,4),(912,'2019-07-20 08:10:05.993286',5,NULL,NULL,NULL,4),(913,'2019-07-20 09:20:05.993286',5,NULL,NULL,NULL,4),(914,'2019-07-20 09:30:05.993286',12,NULL,NULL,NULL,4),(915,'2019-07-20 10:40:05.993286',1,NULL,NULL,NULL,4),(916,'2019-07-20 10:50:05.993286',2,NULL,NULL,NULL,4),(917,'2019-07-20 11:00:05.993286',3,NULL,NULL,NULL,4),(918,'2019-07-20 11:10:05.993286',2,NULL,NULL,NULL,4),(919,'2019-07-20 12:10:05.993286',3,NULL,NULL,NULL,4),(920,'2019-07-20 12:31:05.993286',3,NULL,NULL,NULL,4),(921,'2019-07-20 13:01:05.993286',5,NULL,NULL,NULL,4),(922,'2019-07-20 13:41:05.993286',1,NULL,NULL,NULL,4),(923,'2019-07-20 14:20:05.993286',2,NULL,NULL,NULL,4),(924,'2019-07-20 14:31:05.993286',5,NULL,NULL,NULL,4),(925,'2019-07-20 15:01:05.993286',4,NULL,NULL,NULL,4),(926,'2019-07-20 15:41:05.993286',5,NULL,NULL,NULL,4),(927,'2019-07-20 16:20:05.993286',4,NULL,NULL,NULL,4),(928,'2019-07-20 16:31:05.993286',2,NULL,NULL,NULL,4),(929,'2019-07-20 17:01:05.993286',4,NULL,NULL,NULL,4),(930,'2019-07-20 17:41:05.993286',3,NULL,NULL,NULL,4),(931,'2019-07-20 18:01:05.993286',5,NULL,NULL,NULL,4),(932,'2019-07-20 18:41:05.993286',5,NULL,NULL,NULL,4),(933,'2019-07-20 19:01:05.993286',2,NULL,NULL,NULL,4),(934,'2019-07-20 19:41:05.993286',2,NULL,NULL,NULL,4),(935,'2019-07-20 08:01:05.993286',5,NULL,NULL,NULL,7),(936,'2019-07-20 08:10:05.993286',7,NULL,NULL,NULL,7),(937,'2019-07-20 09:20:05.993286',3,NULL,NULL,NULL,7),(938,'2019-07-20 09:30:05.993286',9,NULL,NULL,NULL,7),(939,'2019-07-20 10:40:05.993286',7,NULL,NULL,NULL,7),(940,'2019-07-20 10:50:05.993286',5,NULL,NULL,NULL,7),(941,'2019-07-20 11:00:05.993286',12,NULL,NULL,NULL,7),(942,'2019-07-20 11:10:05.993286',4,NULL,NULL,NULL,7),(943,'2019-07-20 12:10:05.993286',8,NULL,NULL,NULL,7),(944,'2019-07-20 12:31:05.993286',7,NULL,NULL,NULL,7),(945,'2019-07-20 13:01:05.993286',6,NULL,NULL,NULL,7),(946,'2019-07-20 13:41:05.993286',8,NULL,NULL,NULL,7),(947,'2019-07-20 14:20:05.993286',2,NULL,NULL,NULL,7),(948,'2019-07-20 14:31:05.993286',7,NULL,NULL,NULL,7),(949,'2019-07-20 15:01:05.993286',10,NULL,NULL,NULL,7),(950,'2019-07-20 15:41:05.993286',5,NULL,NULL,NULL,7),(951,'2019-07-20 16:20:05.993286',1,NULL,NULL,NULL,7),(952,'2019-07-20 16:31:05.993286',4,NULL,NULL,NULL,7),(953,'2019-07-20 17:01:05.993286',5,NULL,NULL,NULL,7),(954,'2019-07-20 17:41:05.993286',5,NULL,NULL,NULL,7),(955,'2019-07-20 18:01:05.993286',9,NULL,NULL,NULL,7),(956,'2019-07-20 18:41:05.993286',5,NULL,NULL,NULL,7),(957,'2019-07-20 19:01:05.993286',12,NULL,NULL,NULL,7),(958,'2019-07-20 19:41:05.993286',7,NULL,NULL,NULL,7),(959,'2019-07-08 08:20:05.993286',3,NULL,NULL,NULL,7),(960,'2019-07-08 08:30:05.993286',9,NULL,NULL,NULL,7),(961,'2019-07-08 08:40:05.993286',7,NULL,NULL,NULL,7),(962,'2019-07-08 08:50:05.993286',5,NULL,NULL,NULL,7),(963,'2019-07-08 08:20:05.993286',3,NULL,NULL,NULL,4),(964,'2019-07-08 08:30:05.993286',9,NULL,NULL,NULL,4),(965,'2019-07-08 08:40:05.993286',7,NULL,NULL,NULL,4),(966,'2019-07-08 08:50:05.993286',11,NULL,NULL,NULL,4),(968,'2019-07-08 09:20:05.993286',3,NULL,NULL,NULL,4),(969,'2019-07-08 09:30:05.993286',9,NULL,NULL,NULL,4),(970,'2019-07-08 09:40:05.993286',1,NULL,NULL,NULL,4),(971,'2019-07-08 09:50:05.993286',11,NULL,NULL,NULL,4),(972,'2019-07-08 09:20:05.993286',12,NULL,NULL,NULL,7),(973,'2019-07-08 09:30:05.993286',9,NULL,NULL,NULL,7),(974,'2019-07-08 09:40:05.993286',1,NULL,NULL,NULL,7),(975,'2019-07-08 09:50:05.993286',11,NULL,NULL,NULL,7),(976,'2019-07-08 10:20:05.993286',12,NULL,NULL,NULL,7),(977,'2019-07-08 10:30:05.993286',2,NULL,NULL,NULL,7),(978,'2019-07-08 10:40:05.993286',3,NULL,NULL,NULL,7),(979,'2019-07-08 10:50:05.993286',9,NULL,NULL,NULL,7),(980,'2019-07-08 10:20:05.993286',12,NULL,NULL,NULL,4),(981,'2019-07-08 10:30:05.993286',12,NULL,NULL,NULL,4),(982,'2019-07-08 10:40:05.993286',11,NULL,NULL,NULL,4),(983,'2019-07-08 10:50:05.993286',9,NULL,NULL,NULL,4),(1107,'2019-07-21 08:01:05.993286',5,NULL,'Male;Male;Male,Female;Female;','(25-32);(4-6);(15-20);(15-20);(15-20);',4),(1108,'2019-07-21 08:10:05.993286',7,NULL,'Male;Male;Male;Female;Female;','(25-32);(4-6);(15-20);(15-20);(15-20);(38-43);',4),(1109,'2019-07-21 09:20:05.993286',2,NULL,'Male;Female;','(15-20);(15-20);',4),(1110,'2019-07-21 09:30:05.993286',5,NULL,'Male;Male;Male;Female;Female;','(25-32);(4-6);(15-20);(15-20);(15-20);(0-2);',4),(1111,'2019-07-21 10:40:05.993286',2,NULL,'Male;Male;','(25-32);(4-6);',4),(1112,'2019-07-21 10:50:05.993286',1,NULL,'Male;','(15-20);',4),(1113,'2019-07-21 11:00:05.993286',6,NULL,'Male;Female;Male;Female;Female;','(25-32);(4-6);(15-20);(15-20);(15-20);(4-6);',4),(1114,'2019-07-21 11:10:05.993286',5,NULL,'Male;Female;Female;Female;Female;','(25-32);(8-12);(15-20);(15-20);(15-20);',4),(1115,'2019-07-21 12:10:05.993286',2,NULL,'Male;Male;','(15-20);(15-20);',4),(1116,'2019-07-21 12:31:05.993286',4,NULL,'Male;Male;Male;Female;','(4-6);(15-20);(15-20);(15-20);',4),(1117,'2019-07-21 13:01:05.993286',3,NULL,'Male;Female;Female;','(25-32);(4-6);(15-20);',4),(1118,'2019-07-21 13:41:05.993286',2,NULL,'Male;Female;','(15-20);(15-20);',4),(1119,'2019-07-21 14:20:05.993286',1,NULL,'Male;','(4-6);',4),(1120,'2019-07-21 14:31:05.993286',2,NULL,'Male;Male;','(15-20);(15-20);',4),(1121,'2019-07-21 15:01:05.993286',3,NULL,'Female;Male;Male;','(25-32);(4-6);(15-20);',4),(1122,'2019-07-21 15:41:05.993286',2,NULL,'Male;Male;','(15-20);(15-20);',4),(1123,'2019-07-21 16:20:05.993286',6,NULL,'Male;Female;Female;Male;Male;Male;','(25-32);(4-6);(15-20);(15-20);(15-20);(60-100)',4),(1124,'2019-07-21 16:31:05.993286',2,NULL,'Male;Female;','(15-20);(15-20);',4),(1125,'2019-07-21 17:01:05.993286',3,NULL,'Male;Female;Female;','(25-32);(4-6);(15-20);',4),(1126,'2019-07-21 17:41:05.993286',4,NULL,'Male;Female;Female;Male;','(25-32);(4-6);(38-43);(15-20);(15-20);',4),(1127,'2019-07-21 18:01:05.993286',2,NULL,'Male;Female;','(38-43);(4-6);',4),(1128,'2019-07-21 18:41:05.993286',5,NULL,'Male;Female;Male;Male;Male;','(25-32);(4-6);(38-43);(15-20);(15-20);',4),(1129,'2019-07-21 19:01:05.993286',2,NULL,'Male;Male;','(38-43);(38-43);',4),(1130,'2019-07-21 19:41:05.993286',1,NULL,'Female','(25-32);',4),(1131,'2019-07-21 08:01:05.993286',5,NULL,'Male;Male;Male;Female;Female;','(25-32);(4-6);(15-20);(15-20);(15-20);',7),(1132,'2019-07-21 08:10:05.993286',7,NULL,'Male;Male;Male;Female;Female;','(25-32);(4-6);(15-20);(15-20);(15-20);(38-43);',7),(1133,'2019-07-21 09:20:05.993286',3,NULL,'Male;Female;','(15-20);(15-20);(15-20);',7),(1134,'2019-07-21 09:30:05.993286',5,NULL,'Male;Male;Male;Female;Female;','(25-32);(4-6);(15-20);(15-20);(15-20);(0-2);',7),(1135,'2019-07-21 10:40:05.993286',7,NULL,'Male;Male;Male;Male;Male;','(25-32);(4-6);(15-20);(15-20);(15-20);',7),(1136,'2019-07-21 10:50:05.993286',1,NULL,'Male;','(15-20);',7),(1137,'2019-07-21 11:00:05.993286',6,NULL,'Male;Female;Male;Female;Female;','(25-32);(4-6);(15-20);(15-20);(15-20);(4-6);',7),(1138,'2019-07-21 11:10:05.993286',5,NULL,'Male;Female;Female;Female;Female;','(25-32);(8-12);(15-20);(15-20);(15-20);',7),(1139,'2019-07-21 12:10:05.993286',2,NULL,'Male;Male;','(15-20);(15-20);',7),(1140,'2019-07-21 12:31:05.993286',4,NULL,'Male;Male;Male;Female;','(4-6);(15-20);(15-20);(15-20);',7),(1141,'2019-07-21 13:01:05.993286',3,NULL,'Male;Female;Female;','(25-32);(4-6);(15-20);',7),(1142,'2019-07-21 13:41:05.993286',4,NULL,'Male;Female;Female;Male;Male;','(4-6);(15-20);(15-20);(15-20);',7),(1143,'2019-07-21 14:20:05.993286',6,NULL,'Male;Female;Female;Male;Male;','(25-32);(4-6);(15-20);(15-20);(15-20);(4-6);',7),(1144,'2019-07-21 14:31:05.993286',2,NULL,'Male;Male;','(15-20);(15-20);',7),(1145,'2019-07-21 15:01:05.993286',4,NULL,'Female;Male;Male;','(25-32);(4-6);(15-20);(15-20);',7),(1146,'2019-07-21 15:41:05.993286',5,NULL,'Male;Female;Female;Male;Male;','(0-2);(4-6);(15-20);(15-20);(15-20);',7),(1147,'2019-07-21 16:20:05.993286',6,NULL,'Male;Female;Female;Male;Male;Male;','(25-32);(4-6);(15-20);(15-20);(15-20);(60-100)',7),(1148,'2019-07-21 16:31:05.993286',3,NULL,'Male;Female;','(15-20);(15-20);(4-6)',7),(1149,'2019-07-21 17:01:05.993286',3,NULL,'Male;Female;Female;','(25-32);(4-6);(15-20);',7),(1150,'2019-07-21 17:41:05.993286',4,NULL,'Male;Female;Female;Male;','(25-32);(4-6);(38-43);(15-20);(15-20);',7),(1151,'2019-07-21 18:01:05.993286',2,NULL,'Male;Female;','(38-43);(4-6);',7),(1152,'2019-07-21 18:41:05.993286',5,NULL,'Male;Female;Male;Male;Male;','(25-32);(4-6);(38-43);(15-20);(15-20);',7),(1153,'2019-07-21 19:01:05.993286',5,NULL,'Male;Female;Female;Male;Male;','(25-32);(15-20);(15-20);(38-43);(38-43);',7),(1154,'2019-07-21 19:41:05.993286',5,NULL,'Female;Female;Female;Male;Male;','(25-32);(4-6);(38-43);(15-20);(15-20);',7),(1155,'2019-07-21 08:01:05.993286',1,NULL,'Male;','(15-20);',7),(1156,'2019-07-21 08:10:05.993286',7,NULL,'Male;Male;Male;Female;Female;','(25-32);(4-6);(15-20);(15-20);(15-20);(38-43);',7),(1157,'2019-07-21 09:20:05.993286',3,NULL,'Male;Female;','(15-20);(15-20);(15-20);',7),(1158,'2019-07-21 09:30:05.993286',5,NULL,'Male;Male;Male;Female;Female;','(25-32);(4-6);(15-20);(15-20);(15-20);(0-2);',7),(1159,'2019-07-21 10:40:05.993286',7,NULL,'Male;Male;Male;Male;Male;','(25-32);(4-6);(15-20);(15-20);(15-20);',7),(1160,'2019-07-21 10:50:05.993286',1,NULL,'Male;','(15-20);',7),(1161,'2019-07-21 11:00:05.993286',6,NULL,'Male;Female;Male;Female;Female;','(25-32);(4-6);(15-20);(15-20);(15-20);(4-6);',7),(1162,'2019-07-21 11:10:05.993286',5,NULL,'Male;Female;Female;Female;Female;','(25-32);(8-12);(15-20);(15-20);(15-20);',7),(1163,'2019-07-21 12:10:05.993286',2,NULL,'Male;Male;','(15-20);(15-20);',7),(1164,'2019-07-21 12:31:05.993286',4,NULL,'Male;Male;Male;Female;','(4-6);(15-20);(15-20);(15-20);',7),(1165,'2019-07-21 13:01:05.993286',3,NULL,'Male;Female;Female;','(25-32);(4-6);(15-20);',7),(1166,'2019-07-21 13:41:05.993286',4,NULL,'Male;Female;Female;Male;Male;','(4-6);(15-20);(15-20);(15-20);',7),(1167,'2019-07-21 14:20:05.993286',6,NULL,'Male;Female;Female;Male;Male;','(25-32);(4-6);(15-20);(15-20);(15-20);(4-6);',7),(1168,'2019-07-21 14:31:05.993286',2,NULL,'Male;Male;','(15-20);(15-20);',7),(1169,'2019-07-21 15:01:05.993286',4,NULL,'Female;Male;Male;','(25-32);(4-6);(15-20);(15-20);',7),(1170,'2019-07-21 15:41:05.993286',5,NULL,'Male;Female;Female;Male;Male;','(0-2);(4-6);(15-20);(15-20);(15-20);',7),(1171,'2019-07-21 16:20:05.993286',6,NULL,'Male;Female;Female;Male;Male;Male;','(25-32);(4-6);(15-20);(15-20);(15-20);(60-100)',7),(1172,'2019-07-21 16:31:05.993286',3,NULL,'Male;Female;','(15-20);(15-20);(4-6);',7),(1173,'2019-07-21 17:01:05.993286',3,NULL,'Male;Female;Female;','(25-32);(4-6);(15-20);',7),(1174,'2019-07-21 17:41:05.993286',4,NULL,'Male;Female;Female;Male;','(25-32);(4-6);(38-43);(15-20);(15-20);',7),(1175,'2019-07-21 18:01:05.993286',2,NULL,'Male;Female;','(38-43);(4-6);',7),(1176,'2019-07-21 18:41:05.993286',5,NULL,'Male;Female;Male;Male;Male;','(25-32);(4-6);(38-43);(15-20);(15-20);',7),(1177,'2019-07-21 19:01:05.993286',5,NULL,'Male;Female;Female;Male;Male;','(25-32);(15-20);(15-20);(38-43);(38-43);',7),(1178,'2019-07-21 19:41:05.993286',5,NULL,'Female;Female;Female;Male;Male;','(25-32);(4-6);(38-43);(15-20);(15-20);',7),(1179,'2019-07-21 08:01:05.993286',5,NULL,'Male;Male;Male;Female;Female;','(25-32);(4-6);(15-20);(15-20);(15-20);',1),(1180,'2019-07-21 08:10:05.993286',2,NULL,'Female;Female;','(15-20);(38-43);',1),(1181,'2019-07-21 09:20:05.993286',3,NULL,'Male;Female;','(15-20);(15-20);(15-20);',1),(1182,'2019-07-21 09:30:05.993286',1,NULL,'Female;','(15-20);',1),(1183,'2019-07-21 10:40:05.993286',2,NULL,'Male;Male;','(15-20);(15-20);',1),(1184,'2019-07-21 10:50:05.993286',1,NULL,'Male;','(15-20);',1),(1185,'2019-07-21 11:00:05.993286',2,NULL,'Female;Female;','(15-20);(4-6);',1),(1186,'2019-07-21 11:10:05.993286',3,NULL,'Female;Female;Female;','(15-20);(15-20);(15-20);',1),(1187,'2019-07-21 12:10:05.993286',2,NULL,'Male;Male;','(15-20);(15-20);',1),(1188,'2019-07-21 12:31:05.993286',4,NULL,'Male;Male;Male;Female;','(4-6);(15-20);(15-20);(15-20);',1),(1189,'2019-07-21 13:01:05.993286',3,NULL,'Male;Female;Female;','(25-32);(4-6);(15-20);',1),(1190,'2019-07-21 13:41:05.993286',1,NULL,'Male;','(15-20);',1),(1191,'2019-07-21 14:20:05.993286',3,NULL,'Female;Male;Male;','(15-20);(15-20);(4-6);',1),(1192,'2019-07-21 14:31:05.993286',2,NULL,'Male;Male;','(15-20);(15-20);',1),(1193,'2019-07-21 15:01:05.993286',4,NULL,'Female;Male;Male;','(25-32);(4-6);(15-20);(15-20);',1),(1194,'2019-07-21 15:41:05.993286',5,NULL,'Male;Female;Female;Male;Male;','(0-2);(4-6);(15-20);(15-20);(15-20);',1),(1195,'2019-07-21 16:20:05.993286',2,NULL,'Male;Male;','(15-20);(60-100);',1),(1196,'2019-07-21 16:31:05.993286',3,NULL,'Male;Female;','(15-20);(15-20);(4-6);',1),(1197,'2019-07-21 17:01:05.993286',1,NULL,'Female;','(15-20);',1),(1198,'2019-07-21 17:41:05.993286',4,NULL,'Male;Female;Female;Male;','(25-32);(4-6);(38-43);(15-20);(15-20);',1),(1199,'2019-07-21 18:01:05.993286',2,NULL,'Male;Female;','(38-43);(4-6);',1),(1200,'2019-07-21 18:41:05.993286',2,NULL,'Male;Female;','(15-20);(15-20);',1),(1201,'2019-07-21 19:01:05.993286',1,NULL,'Male;','(25-32);',1),(1202,'2019-07-21 19:41:05.993286',3,NULL,'Female;Female;Female;','(25-32);(4-6);(38-43);',1),(1203,'2019-07-21 08:01:05.993286',5,NULL,'Male;Male;Male;Female;Female;','(25-32);(4-6);(15-20);(15-20);(15-20);',2),(1204,'2019-07-21 08:10:05.993286',7,NULL,'Female;Female;Male;Male;Male;Female;Female;','(15-20);(38-43);(25-32);(4-6);(15-20);(15-20);(15-20);',2),(1205,'2019-07-21 09:20:05.993286',3,NULL,'Male;Female;','(15-20);(15-20);(15-20);',2),(1206,'2019-07-21 09:30:05.993286',6,NULL,'Female;Male;Male;Male;Female;Female;','(15-20);(15-20);(15-20);(15-20);(15-20);(60-100);',2),(1207,'2019-07-21 10:40:05.993286',2,NULL,'Male;Male;','(15-20);(15-20);',2),(1208,'2019-07-21 10:50:05.993286',3,NULL,'Male;Male;Male;','(15-20);(15-20);(15-20);',2),(1209,'2019-07-21 11:00:05.993286',2,NULL,'Female;Female;','(15-20);(4-6);',2),(1210,'2019-07-21 11:10:05.993286',3,NULL,'Female;Female;Female;','(15-20);(15-20);(15-20);',2),(1211,'2019-07-21 12:10:05.993286',2,NULL,'Male;Male;','(15-20);(15-20);',2),(1212,'2019-07-21 12:31:05.993286',4,NULL,'Male;Male;Male;Female;','(4-6);(15-20);(15-20);(15-20);',2),(1213,'2019-07-21 13:01:05.993286',3,NULL,'Male;Female;Female;','(25-32);(4-6);(15-20);',2),(1214,'2019-07-21 13:41:05.993286',5,NULL,'Male;Male;Male;Male;Female;','(15-20);(25-32);(4-6);(15-20);',2),(1215,'2019-07-21 14:20:05.993286',3,NULL,'Female;Male;Male;','(15-20);(15-20);(4-6);',2),(1216,'2019-07-21 14:31:05.993286',2,NULL,'Male;Male;','(15-20);(15-20);',2),(1217,'2019-07-21 15:01:05.993286',4,NULL,'Female;Male;Male;Male;','(25-32);(4-6);(15-20);(15-20);',2),(1218,'2019-07-21 15:41:05.993286',5,NULL,'Male;Female;Female;Male;Male;','(0-2);(4-6);(15-20);(15-20);(15-20);',2),(1219,'2019-07-21 16:20:05.993286',2,NULL,'Male;Male;','(15-20);(60-100);',2),(1220,'2019-07-21 16:31:05.993286',3,NULL,'Male;Female;','(15-20);(15-20);(4-6);',2),(1221,'2019-07-21 17:01:05.993286',5,NULL,'Female;Female;Male;Male;Male;','(15-20);(25-32);(4-6);(15-20);(15-20);',2),(1222,'2019-07-21 17:41:05.993286',4,NULL,'Male;Female;Female;Male;','(25-32);(4-6);(38-43);(15-20);(15-20);',2),(1223,'2019-07-21 18:01:05.993286',2,NULL,'Male;Female;','(38-43);(4-6);',2),(1224,'2019-07-21 18:41:05.993286',2,NULL,'Male;Female;','(15-20);(15-20);',2),(1225,'2019-07-21 19:01:05.993286',3,NULL,'MaleMale;Female;;','(25-32);(38-43);(38-43);',2),(1226,'2019-07-21 19:41:05.993286',3,NULL,'Female;Female;Female;','(25-32);(4-6);(38-43);',2),(1227,'2019-07-22 08:01:05.993286',5,NULL,'Male;Male;Male,Female;Female;','(25-32);(4-6);(15-20);(15-20);(15-20);',4),(1228,'2019-07-22 08:10:05.993286',7,NULL,'Male;Male;Male;Female;Female;','(25-32);(4-6);(15-20);(15-20);(15-20);(38-43);',4),(1229,'2019-07-22 09:20:05.993286',3,NULL,'Male;Female;Male;','(15-20);(15-20);(15-20);',4),(1230,'2019-07-22 09:30:05.993286',5,NULL,'Male;Male;Male;Female;Female;','(25-32);(4-6);(15-20);(15-20);(15-20);(0-2);',4),(1231,'2019-07-22 10:40:05.993286',2,NULL,'Male;Male;','(25-32);(4-6);',4),(1232,'2019-07-22 10:50:05.993286',5,NULL,'Male;Male;Male;Male;Female;','(15-20);(4-6);(15-20);(15-20);(15-20);',4),(1233,'2019-07-22 11:00:05.993286',6,NULL,'Male;Female;Male;Female;Female;','(25-32);(4-6);(15-20);(15-20);(15-20);(4-6);',4),(1234,'2019-07-22 11:10:05.993286',5,NULL,'Male;Female;Female;Female;Female;','(25-32);(8-12);(15-20);(15-20);(15-20);',4),(1235,'2019-07-22 12:10:05.993286',2,NULL,'Male;Male;','(15-20);(15-20);',4),(1236,'2019-07-22 12:31:05.993286',4,NULL,'Male;Male;Male;Female;','(4-6);(15-20);(15-20);(15-20);',4),(1237,'2019-07-22 13:01:05.993286',3,NULL,'Male;Female;Female;','(25-32);(4-6);(15-20);',4),(1238,'2019-07-22 13:41:05.993286',2,NULL,'Male;Female;','(15-20);(15-20);',4),(1239,'2019-07-22 14:20:05.993286',2,NULL,'Male;Male;','(4-6);(15-20);',4),(1240,'2019-07-22 14:31:05.993286',2,NULL,'Male;Male;','(15-20);(15-20);',4),(1241,'2019-07-22 15:01:05.993286',3,NULL,'Female;Male;Male;','(25-32);(4-6);(15-20);',4),(1242,'2019-07-22 15:41:05.993286',2,NULL,'Male;Male;','(15-20);(15-20);',4),(1243,'2019-07-22 16:20:05.993286',6,NULL,'Male;Female;Female;Male;Male;Male;','(25-32);(4-6);(15-20);(15-20);(15-20);(60-100)',4),(1244,'2019-07-22 16:31:05.993286',5,NULL,'Male;Female;Male;Female;Female;','(15-20);(15-20);(25-32);(4-6);(15-20);',4),(1245,'2019-07-22 17:01:05.993286',3,NULL,'Male;Female;Female;','(25-32);(4-6);(15-20);',4),(1246,'2019-07-22 17:41:05.993286',4,NULL,'Male;Female;Female;Male;','(25-32);(4-6);(38-43);(15-20);(15-20);',4),(1247,'2019-07-22 18:01:05.993286',2,NULL,'Male;Female;','(38-43);(4-6);',4),(1248,'2019-07-22 18:41:05.993286',5,NULL,'Male;Female;Male;Male;Male;','(25-32);(4-6);(38-43);(15-20);(15-20);',4),(1249,'2019-07-22 19:01:05.993286',2,NULL,'Male;Male;','(38-43);(38-43);',4),(1250,'2019-07-22 19:41:05.993286',5,NULL,'Female;Male;Female;Female;','(25-32);(25-32);(4-6);(15-20);',4),(1275,'2019-07-22 08:01:05.993286',4,NULL,'Male;','(15-20);',7),(1276,'2019-07-22 08:10:05.993286',7,NULL,'Male;Male;Male;Female;Female;','(25-32);(4-6);(15-20);(15-20);(15-20);(38-43);',7),(1277,'2019-07-22 09:20:05.993286',3,NULL,'Male;Female;Male;','(15-20);(15-20);(15-20);',7),(1278,'2019-07-22 09:30:05.993286',5,NULL,'Male;Male;Male;Female;Female;','(25-32);(4-6);(15-20);(15-20);(15-20);(0-2);',7),(1279,'2019-07-22 10:40:05.993286',7,NULL,'Male;Male;Male;Male;Male;','(25-32);(4-6);(15-20);(15-20);(15-20);',7),(1280,'2019-07-22 10:50:05.993286',3,NULL,'Male;Male;Male;','(15-20);(15-20);(15-20);',7),(1281,'2019-07-22 11:00:05.993286',6,NULL,'Male;Female;Male;Female;Female;','(25-32);(4-6);(15-20);(15-20);(15-20);(4-6);',7),(1282,'2019-07-22 11:10:05.993286',5,NULL,'Male;Female;Female;Female;Female;','(25-32);(8-12);(15-20);(15-20);(15-20);',7),(1283,'2019-07-22 12:10:05.993286',2,NULL,'Male;Male;','(15-20);(15-20);',7),(1284,'2019-07-22 12:31:05.993286',4,NULL,'Male;Male;Male;Female;','(4-6);(15-20);(15-20);(15-20);',7),(1285,'2019-07-22 13:01:05.993286',5,NULL,'Male;Female;Female;Male;Female;','(25-32);(4-6);(15-20);(15-20);(15-20);',7),(1286,'2019-07-22 13:41:05.993286',4,NULL,'Male;Female;Female;Male;Male;','(4-6);(15-20);(15-20);(15-20);',7),(1287,'2019-07-22 14:20:05.993286',6,NULL,'Male;Female;Female;Male;Male;','(25-32);(4-6);(15-20);(15-20);(15-20);(4-6);',7),(1288,'2019-07-22 14:31:05.993286',2,NULL,'Male;Male;','(15-20);(15-20);',7),(1289,'2019-07-22 15:01:05.993286',4,NULL,'Female;Male;Male;','(25-32);(4-6);(15-20);(15-20);',7),(1290,'2019-07-22 15:41:05.993286',5,NULL,'Male;Female;Female;Male;Male;','(0-2);(4-6);(15-20);(15-20);(15-20);',7),(1291,'2019-07-22 16:20:05.993286',6,NULL,'Male;Female;Female;Male;Male;Male;','(25-32);(4-6);(15-20);(15-20);(15-20);(60-100)',7),(1292,'2019-07-22 16:31:05.993286',3,NULL,'Male;Female;','(15-20);(15-20);(4-6);',7),(1293,'2019-07-22 17:01:05.993286',3,NULL,'Male;Female;Female;','(25-32);(4-6);(15-20);',7),(1294,'2019-07-22 17:41:05.993286',4,NULL,'Male;Female;Female;Male;','(25-32);(4-6);(38-43);(15-20);(15-20);',7),(1295,'2019-07-22 18:01:05.993286',2,NULL,'Male;Female;','(38-43);(4-6);',7),(1296,'2019-07-22 18:41:05.993286',5,NULL,'Male;Female;Male;Male;Male;','(25-32);(4-6);(38-43);(15-20);(15-20);',7),(1297,'2019-07-22 19:01:05.993286',2,NULL,'Male;Female;','(38-43);(38-43);',7),(1298,'2019-07-22 19:41:05.993286',5,NULL,'Female;Female;Female;Male;Male;','(25-32);(4-6);(38-43);(15-20);(15-20);',7),(1299,'2019-07-22 08:01:05.993286',1,NULL,'Male;','(25-32);',1),(1300,'2019-07-22 08:10:05.993286',2,NULL,'Female;Female;','(15-20);(38-43);',1),(1301,'2019-07-22 09:20:05.993286',3,NULL,'Male;Female;','(15-20);(15-20);(15-20);',1),(1302,'2019-07-22 09:30:05.993286',1,NULL,'Female;','(15-20);',1),(1303,'2019-07-22 10:40:05.993286',2,NULL,'Male;Male;','(15-20);(15-20);',1),(1304,'2019-07-22 10:50:05.993286',1,NULL,'Male;','(15-20);',1),(1305,'2019-07-22 11:00:05.993286',2,NULL,'Female;Female;','(15-20);(4-6);',1),(1306,'2019-07-22 11:10:05.993286',3,NULL,'Female;Female;Female;','(15-20);(15-20);(15-20);',1),(1307,'2019-07-22 12:10:05.993286',2,NULL,'Male;Male;','(15-20);(15-20);',1),(1308,'2019-07-22 12:31:05.993286',4,NULL,'Male;Male;Male;Female;','(4-6);(15-20);(15-20);(15-20);',1),(1309,'2019-07-22 13:01:05.993286',3,NULL,'Male;Female;Female;','(25-32);(4-6);(15-20);',1),(1310,'2019-07-22 13:41:05.993286',1,NULL,'Male;','(15-20);',1),(1311,'2019-07-22 14:20:05.993286',3,NULL,'Female;Male;Male;','(15-20);(15-20);(4-6);',1),(1312,'2019-07-22 14:31:05.993286',2,NULL,'Male;Male;','(15-20);(15-20);',1),(1313,'2019-07-22 15:01:05.993286',4,NULL,'Female;Male;Male;','(25-32);(4-6);(15-20);(15-20);',1),(1314,'2019-07-22 15:41:05.993286',2,NULL,'Male;Female;','(0-2);(4-6);',1),(1315,'2019-07-22 16:20:05.993286',1,NULL,'Male;','(15-20);',1),(1316,'2019-07-22 16:31:05.993286',3,NULL,'Male;Female;','(15-20);(15-20);(4-6);',1),(1317,'2019-07-22 17:01:05.993286',1,NULL,'Female;','(15-20);',1),(1318,'2019-07-22 17:41:05.993286',4,NULL,'Male;Female;Female;Male;','(25-32);(4-6);(38-43);(15-20);(15-20);',1),(1319,'2019-07-22 18:01:05.993286',2,NULL,'Male;Female;','(38-43);(4-6);',1),(1320,'2019-07-22 18:41:05.993286',2,NULL,'Male;Female;','(15-20);(15-20);',1),(1321,'2019-07-22 19:01:05.993286',1,NULL,'Female;','(25-32);',1),(1322,'2019-07-22 19:41:05.993286',1,NULL,'Female;','(25-32);',1),(1323,'2019-07-22 08:01:05.993286',5,NULL,'Male;Male;Male;Female;Female;','(25-32);(4-6);(15-20);(15-20);(15-20);',2),(1324,'2019-07-22 08:10:05.993286',7,NULL,'Female;Female;Male;Male;Male;Female;Female;','(15-20);(38-43);(25-32);(4-6);(15-20);(15-20);(15-20);',2),(1325,'2019-07-22 09:20:05.993286',1,NULL,'Male;','(15-20);',2),(1326,'2019-07-22 09:30:05.993286',6,NULL,'Female;Male;Male;Male;Female;Female;','(15-20);(15-20);(15-20);(15-20);(15-20);(60-100);',2),(1327,'2019-07-22 10:40:05.993286',2,NULL,'Male;Male;','(15-20);(15-20);',2),(1328,'2019-07-22 10:50:05.993286',3,NULL,'Male;Male;Male;','(15-20);(15-20);(15-20);',2),(1329,'2019-07-22 11:00:05.993286',2,NULL,'Female;Female;','(15-20);(4-6);',2),(1330,'2019-07-22 11:10:05.993286',3,NULL,'Female;Female;Female;','(15-20);(15-20);(15-20);',2),(1331,'2019-07-22 12:10:05.993286',2,NULL,'Male;Male;','(15-20);(15-20);',2),(1332,'2019-07-22 12:31:05.993286',4,NULL,'Male;Male;Male;Female;','(4-6);(15-20);(15-20);(15-20);',2),(1333,'2019-07-22 13:01:05.993286',3,NULL,'Male;Female;Female;','(25-32);(4-6);(15-20);',2),(1334,'2019-07-22 13:41:05.993286',4,NULL,'Male;Female;Female;Male;Male;','(4-6);(15-20);(15-20);(15-20);',2),(1335,'2019-07-22 14:20:05.993286',6,NULL,'Male;Female;Female;Male;Male;','(25-32);(4-6);(15-20);(15-20);(15-20);(4-6);',2),(1336,'2019-07-22 14:31:05.993286',2,NULL,'Male;Male;','(15-20);(15-20);',2),(1337,'2019-07-22 15:01:05.993286',4,NULL,'Female;Male;Male;','(25-32);(4-6);(15-20);(15-20);',2),(1338,'2019-07-22 15:41:05.993286',5,NULL,'Male;Female;Female;Male;Male;','(0-2);(4-6);(15-20);(15-20);(15-20);',2),(1339,'2019-07-22 16:20:05.993286',6,NULL,'Male;Female;Female;Male;Male;Male;','(25-32);(4-6);(15-20);(15-20);(15-20);(60-100)',2),(1340,'2019-07-22 16:31:05.993286',3,NULL,'Male;Female;','(15-20);(15-20);(4-6);',2),(1341,'2019-07-22 17:01:05.993286',3,NULL,'Male;Female;Female;','(25-32);(4-6);(15-20);',2),(1342,'2019-07-22 17:41:05.993286',4,NULL,'Male;Female;Female;Male;','(25-32);(4-6);(38-43);(15-20);(15-20);',2),(1343,'2019-07-22 18:01:05.993286',2,NULL,'Male;Female;','(38-43);(4-6);',2),(1344,'2019-07-22 18:41:05.993286',5,NULL,'Male;Female;Male;Male;Male;','(25-32);(4-6);(38-43);(15-20);(15-20);',2),(1345,'2019-07-22 19:01:05.993286',2,NULL,'Male;Female;','(38-43);(38-43);',2),(1346,'2019-07-22 19:41:05.993286',5,NULL,'Female;Female;Female;Male;Male;','(25-32);(4-6);(38-43);(15-20);(15-20);',2),(1347,'2019-07-24 11:39:36.827923',3,'297,224;511,180;569,239;','','',1),(1348,'2019-07-24 11:40:37.675092',4,'328,226;513,187;568,239;606,359;519,277;','','',1),(1349,'2019-07-24 11:41:38.575155',2,'313,202;513,176;543,302;','','',1),(1350,'2019-07-24 11:42:38.835263',2,'564,230;321,194;539,306;','','',1),(1351,'2019-07-24 11:43:39.501742',2,'327,233;530,358;554,321;','','',1),(1352,'2019-07-24 11:44:40.162749',4,'513,348;325,229;516,164;513,197;','','',1),(1353,'2019-07-24 11:45:40.526236',1,'332,234;529,283;506,200;551,302;','','',1),(1354,'2019-07-24 11:46:40.890442',3,'332,235;506,187;566,236;517,262;','','',1),(1355,'2019-07-24 11:47:41.242973',3,'328,218;509,186;573,248;','','',1),(1356,'2019-07-24 11:48:41.648594',2,'566,239;504,194;505,256;','','',1),(1357,'2019-07-24 11:49:42.013133',3,'321,208;511,183;561,239;','','',1),(1358,'2019-07-24 11:50:42.498261',3,'330,238;558,235;508,185;','','',1),(1359,'2019-07-24 11:51:43.114450',3,'326,235;564,247;509,182;','','',1),(1360,'2019-07-24 11:52:43.692582',4,'330,225;570,243;508,185;232,72;','','',1),(1361,'2019-07-24 11:53:44.449782',5,'327,360;507,190;161,163;566,233;327,185;503,256;','','',1),(1362,'2019-07-24 11:54:45.441197',5,'324,236;568,239;514,186;624,269;233,72;','','',1),(1363,'2019-07-24 11:55:46.415284',5,'456,301;521,186;622,264;331,230;567,205;','','',1),(1364,'2019-07-24 11:56:47.428326',6,'455,316;324,236;508,184;564,237;622,264;628,269;','','',1),(1365,'2019-07-24 11:57:48.392160',3,'329,233;476,299;572,242;','','',1),(1366,'2019-07-24 11:58:49.088126',3,'305,204;566,228;503,207;','','',1),(1367,'2019-07-24 11:59:49.780676',2,'310,230;500,195;','','',1),(1368,'2019-07-24 12:00:50.258307',4,'513,178;313,196;569,324;125,190;130,295;74,107;','','',1),(1369,'2019-07-24 12:01:50.857059',1,'311,189;','','',1),(1370,'2019-07-24 12:02:51.323975',3,'576,327;338,266;295,187;611,358;','','',1),(1371,'2019-07-24 12:03:51.900386',2,'183,179;603,266;165,177;571,354;602,351;619,343;','','',1),(1372,'2019-07-24 12:04:52.273957',1,'199,163;423,221;','','',1),(1373,'2019-07-24 12:05:52.810736',4,'359,338;400,143;404,186;326,193;372,213;','','',1),(1374,'2019-07-24 12:06:53.321993',2,'294,237;430,255;','','',1),(1375,'2019-07-24 12:07:53.682682',2,'328,209;451,357;577,336;','','',1),(1376,'2019-07-24 12:08:54.155736',2,'329,207;426,188;','','',1),(1377,'2019-07-24 12:09:54.588659',1,'574,334;','','',1),(1378,'2019-07-24 12:10:54.835946',4,'190,356;568,215;133,357;103,346;','','',1),(1379,'2019-07-24 12:11:55.602063',4,'318,205;225,314;470,287;567,211;','','',1),(1380,'2019-07-24 12:12:56.279635',2,'566,212;323,204;231,75;','','',1),(1381,'2019-07-24 12:13:56.550773',1,'566,238;','','',1),(1382,'2019-07-24 12:14:56.705805',2,'505,192;503,268;','','',1),(1383,'2019-07-24 12:15:57.065076',2,'565,226;446,250;32,355;461,283;','','',1),(1384,'2019-07-24 12:16:57.651838',3,'493,332;566,218;444,254;','','',1),(1385,'2019-07-24 12:17:58.246609',2,'447,267;492,337;','','',1),(1386,'2019-07-24 12:18:58.838315',2,'491,341;450,253;476,324;','','',1),(1387,'2019-07-24 12:19:59.582788',3,'315,127;561,214;450,259;496,345;','','',1),(1388,'2019-07-24 12:21:00.230868',3,'452,259;494,348;566,206;','','',1),(1389,'2019-07-24 12:22:01.395844',6,'319,128;212,189;500,348;467,286;567,204;489,340;','','',1),(1390,'2019-07-24 12:23:02.709782',4,'218,186;507,338;120,220;457,285;','','',1),(1391,'2019-07-24 12:24:03.859758',5,'502,336;564,208;240,199;319,129;455,269;','','',1),(1392,'2019-07-24 12:25:05.093284',4,'311,129;454,262;499,331;563,208;','','',1),(1393,'2019-07-24 12:26:06.456835',3,'450,258;503,336;565,225;','','',1),(1394,'2019-07-24 12:27:07.828365',5,'570,227;386,199;455,253;501,345;321,128;246,307;','','',1),(1395,'2019-07-24 12:28:09.135612',6,'457,255;385,199;317,128;561,220;496,341;478,314;34,356;','','',1),(1396,'2019-07-24 12:29:10.714531',6,'387,198;455,269;495,344;328,126;561,218;217,297;192,303;219,189;','','',1),(1397,'2019-07-24 12:30:12.456793',7,'486,340;457,271;387,197;183,235;572,207;297,230;237,122;','','',1),(1398,'2019-07-24 12:31:14.131853',6,'456,272;499,334;318,137;374,153;465,318;566,216;167,175;','','',1),(1399,'2019-07-24 12:32:15.987903',7,'498,333;457,271;316,240;227,185;320,124;563,207;382,161;','','',1),(1400,'2019-07-24 12:33:17.755383',7,'459,270;378,209;497,329;563,217;309,249;319,122;478,316;212,183;244,155;','','',1),(1401,'2019-07-24 12:34:19.531994',7,'459,268;499,327;381,197;307,121;567,208;302,240;477,314;237,190;','','',1),(1402,'2019-07-24 12:35:21.157671',7,'458,283;381,195;318,156;307,245;487,323;233,171;568,216;191,185;317,126;','','',1),(1403,'2019-07-24 12:36:23.055708',7,'453,295;325,132;497,336;382,201;228,136;569,222;246,205;','','',1),(1404,'2019-07-24 12:37:24.822722',4,'456,291;566,219;316,128;309,245;480,325;492,329;499,332;','','',1),(1405,'2019-07-24 12:38:26.364117',7,'454,279;376,199;308,238;320,127;496,347;240,129;253,196;','','',1),(1406,'2019-07-24 12:39:27.751431',7,'499,340;451,275;310,238;378,211;318,131;570,231;236,134;','','',1),(1407,'2019-07-24 12:40:28.711159',5,'450,299;313,243;321,139;560,202;238,170;253,202;','','',1),(1408,'2019-07-24 12:41:29.707805',5,'455,267;559,196;316,131;232,152;621,274;262,215;','','',1),(1409,'2019-07-24 12:42:30.441777',3,'451,274;316,125;562,209;','','',1),(1410,'2019-07-24 12:43:31.242006',4,'441,256;316,129;562,207;315,234;','','',1),(1411,'2019-07-24 12:44:32.069091',5,'447,269;321,131;311,236;234,134;573,227;186,196;35,358;','','',1),(1412,'2019-07-24 12:45:32.688925',2,'455,268;564,195;221,181;','','',1),(1413,'2019-07-24 12:46:33.041733',3,'446,297;309,251;564,203;620,302;','','',1),(1414,'2019-07-24 12:47:33.610262',3,'445,289;314,241;562,201;27,356;','','',1),(1415,'2019-07-24 12:48:34.076279',4,'447,293;216,178;568,210;310,242;','','',1),(1416,'2019-07-24 12:49:34.431302',1,'561,221;28,356;','','',1),(1417,'2019-07-24 12:50:34.485275',3,'561,217;185,292;218,208;','','',1),(1418,'2019-07-24 12:51:34.620113',1,'562,219;88,160;','','',1),(1419,'2019-07-24 12:52:34.769629',1,'226,186;563,199;181,121;','','',1),(1420,'2019-07-24 12:53:34.941501',2,'219,185;151,253;','','',1),(1421,'2019-07-24 12:54:35.202087',1,'227,137;576,238;','','',1),(1422,'2019-07-24 12:55:35.223300',1,'223,128;27,356;','','',1),(1423,'2019-07-24 12:56:35.384298',2,'232,106;543,336;27,356;','','',1),(1424,'2019-07-24 12:57:35.439541',1,'31,358;','','',1),(1425,'2019-07-24 12:58:35.693406',3,'230,111;231,68;32,358;281,334;216,309;','','',1),(1426,'2019-07-24 12:59:35.945103',2,'197,321;622,277;206,117;','','',1),(1427,'2019-07-24 13:00:36.129074',3,'379,319;556,232;237,122;','','',1),(1428,'2019-07-24 13:01:36.376569',2,'465,242;569,243;','','',1),(1429,'2019-07-24 13:02:36.598341',3,'565,245;236,133;30,359;622,277;','','',1),(1430,'2019-07-24 13:03:37.017913',3,'564,243;450,194;237,122;','','',1),(1431,'2019-07-24 13:04:37.441511',3,'564,244;450,198;148,218;32,359;','','',1),(1432,'2019-07-24 13:05:38.014477',4,'447,232;567,227;139,226;243,126;','','',1),(1433,'2019-07-24 13:06:38.632242',4,'565,248;445,226;246,125;119,206;171,171;','','',1),(1434,'2019-07-24 13:07:39.151348',1,'449,209;569,212;','','',1),(1435,'2019-07-24 13:08:39.751229',5,'447,202;565,225;129,213;335,129;347,120;','','',1),(1436,'2019-07-24 13:09:40.357740',3,'566,226;332,140;448,204;','','',1),(1437,'2019-07-24 13:10:40.755478',3,'566,242;451,206;347,110;','','',1),(1438,'2019-07-24 13:11:41.211048',4,'428,239;574,224;343,119;238,152;','','',1),(1439,'2019-07-24 13:12:41.582218',5,'433,240;345,120;256,148;567,197;221,121;','','',1),(1440,'2019-07-24 13:13:42.043943',3,'433,241;562,199;345,116;','','',1),(1441,'2019-07-24 13:14:42.560432',3,'563,241;443,205;343,124;','','',1),(1442,'2019-07-24 13:15:43.078097',4,'564,243;446,205;343,123;221,139;','','',1),(1443,'2019-07-24 13:16:43.627302',3,'566,240;445,224;340,124;217,139;','','',1),(1444,'2019-07-24 13:17:44.037133',2,'344,123;229,141;565,231;','','',1),(1445,'2019-07-24 13:18:44.177262',3,'564,247;342,123;223,143;32,357;','','',1),(1446,'2019-07-24 13:19:44.411034',3,'565,201;339,123;223,140;','','',1),(1447,'2019-07-24 13:20:44.646181',3,'565,202;342,123;230,142;','','',1),(1448,'2019-07-24 13:21:44.966686',3,'563,201;341,123;252,157;','','',1),(1449,'2019-07-24 13:22:45.377819',3,'563,234;341,125;227,137;28,356;','','',1),(1450,'2019-07-24 13:23:45.684012',3,'565,234;342,121;238,163;','','',1),(1451,'2019-07-24 13:24:46.268798',2,'566,229;341,124;','','',1),(1452,'2019-07-24 13:25:46.702046',3,'567,228;343,122;236,171;225,151;','','',1),(1453,'2019-07-24 13:26:47.115356',2,'566,239;343,123;228,167;','','',1),(1454,'2019-07-24 13:27:47.576781',3,'567,186;341,125;526,349;','','',1),(1455,'2019-07-24 13:28:47.910786',1,'328,136;','','',1),(1456,'2019-07-24 13:29:48.094116',1,'330,135;33,357;','','',1),(1457,'2019-07-24 13:30:48.244739',1,'334,128;','','',1),(1458,'2019-07-24 13:31:48.315797',1,'329,135;','','',1),(1459,'2019-07-24 13:32:48.491920',1,'329,131;','','',1),(1460,'2019-07-24 13:33:48.773176',1,'328,132;','','',1),(1461,'2019-07-24 13:34:48.946419',1,'331,132;','','',1),(1462,'2019-07-24 13:35:49.251977',1,'336,125;','','',1),(1463,'2019-07-24 13:36:49.545562',2,'244,153;335,119;','','',1),(1464,'2019-07-24 13:37:50.012836',3,'330,136;120,202;218,212;341,119;','','',1),(1465,'2019-07-24 13:38:50.320035',2,'327,137;224,205;32,357;','','',1),(1466,'2019-07-24 13:39:51.222294',2,'328,135;218,213;','','',1),(1467,'2019-07-24 13:40:53.087378',3,'219,214;328,138;325,296;32,357;','','',1),(1468,'2019-07-24 13:41:54.489237',2,'217,212;331,131;449,272;','','',1),(1469,'2019-07-24 13:42:54.977672',2,'219,213;460,269;33,357;296,218;','','',1),(1470,'2019-07-24 13:43:55.548546',2,'413,201;292,277;219,153;225,210;','','',1),(1471,'2019-07-24 13:44:56.088588',4,'235,205;567,248;389,157;389,124;','','',1),(1472,'2019-07-24 13:45:56.658110',6,'560,235;291,216;240,207;389,234;394,140;488,290;','','',1),(1473,'2019-07-24 13:46:57.426915',3,'564,242;310,202;384,144;495,289;','','',1),(1474,'2019-07-24 13:47:57.971890',4,'561,231;302,234;376,178;290,201;395,232;485,288;32,359;','','',1),(1475,'2019-07-24 13:48:58.555248',4,'564,242;297,293;378,174;488,290;499,350;','','',1),(1476,'2019-07-24 13:49:59.303065',4,'569,236;491,288;305,256;292,178;394,235;','','',1),(1477,'2019-07-24 13:50:59.917641',3,'373,166;296,226;573,216;','','',1),(1478,'2019-07-24 13:52:00.467136',3,'566,221;290,187;375,125;','','',1),(1479,'2019-07-24 13:53:00.690138',2,'564,221;388,158;382,127;','','',1),(1480,'2019-07-24 13:54:00.890400',2,'384,221;378,146;','','',1),(1481,'2019-07-24 13:55:01.322493',4,'213,178;550,357;386,177;566,240;390,154;627,254;179,172;','','',1),(1482,'2019-07-24 13:56:01.727180',3,'562,245;384,172;387,134;','','',1),(1483,'2019-07-24 13:57:01.802995',1,'387,182;','','',1),(1484,'2019-07-24 13:58:02.064648',2,'562,235;387,201;624,256;','','',1),(1485,'2019-07-24 13:59:02.301941',2,'386,198;559,212;556,182;','','',1),(1486,'2019-07-24 14:00:02.627532',2,'559,240;384,187;','','',1),(1487,'2019-07-24 14:01:02.877759',2,'566,242;234,115;384,190;','','',1),(1488,'2019-07-24 14:02:03.016920',1,'385,192;32,357;','','',1),(1489,'2019-07-24 14:03:03.130568',1,'385,187;','','',1),(1490,'2019-07-24 14:04:03.317938',3,'384,192;518,326;235,107;387,155;','','',1),(1491,'2019-07-24 14:05:05.091351',2,'391,195;232,109;241,138;','','',1),(1492,'2019-07-24 14:06:05.230549',3,'380,191;271,264;70,103;','','',1),(1493,'2019-07-24 14:08:05.428740',1,'380,183;','','',1),(1494,'2019-07-24 14:09:05.622011',3,'426,316;569,237;389,176;31,358;','','',1),(1495,'2019-07-24 14:10:05.665351',2,'561,223;388,190;','','',1),(1496,'2019-07-24 14:11:05.882089',1,'384,159;383,138;','','',1),(1497,'2019-07-24 14:12:07.680891',2,'246,134;387,179;392,149;','','',1),(1498,'2019-07-24 14:13:07.812365',1,'380,185;','','',1),(1499,'2019-07-24 14:14:07.864706',1,'377,197;','','',1),(1500,'2019-07-24 14:15:07.941693',1,'377,193;','','',1),(1501,'2019-07-24 14:16:09.727814',2,'386,192;230,124;236,140;','','',1),(1502,'2019-07-24 14:17:10.015832',2,'381,201;565,239;','','',1),(1503,'2019-07-24 14:18:10.244160',2,'568,239;380,172;','','',1),(1504,'2019-07-24 14:19:10.613249',3,'380,183;566,233;192,196;','','',1),(1505,'2019-07-24 14:20:10.975420',3,'565,231;240,111;377,178;240,138;','','',1),(1506,'2019-07-24 14:21:11.018719',2,'382,185;566,220;','','',1),(1507,'2019-07-24 14:22:11.249519',3,'566,235;245,157;378,185;','','',1),(1508,'2019-07-24 14:23:11.522288',1,'566,233;405,139;32,356;','','',1),(1509,'2019-07-24 14:30:16.299592',2,'566,234;231,108;231,75;387,163;','','',1),(1510,'2019-07-24 14:31:16.448168',3,'568,229;395,133;234,132;','','',1),(1511,'2019-07-24 14:32:16.724334',3,'397,199;564,231;398,149;','','',1),(1512,'2019-07-24 14:33:17.034005',2,'405,277;563,230;','','',1),(1513,'2019-07-24 14:34:17.039797',1,'563,233;','','',1),(1514,'2019-07-24 14:35:17.131787',1,'569,241;','','',1),(1515,'2019-07-24 14:36:17.181757',1,'570,217;','','',1),(1516,'2019-07-24 14:37:19.048784',1,'565,228;','','',1),(1517,'2019-07-24 14:38:20.908745',1,'567,230;','','',1),(1518,'2019-07-24 14:39:22.736148',2,'447,245;567,203;','','',1),(1519,'2019-07-24 14:40:23.015897',2,'528,192;564,201;','','',1),(1520,'2019-07-24 14:41:23.312838',2,'529,189;565,207;','','',1),(1521,'2019-07-24 14:42:23.515744',2,'537,207;557,223;540,254;','','',1),(1522,'2019-07-24 14:43:23.677225',2,'563,228;522,186;552,212;','','',1),(1523,'2019-07-24 14:44:23.886008',3,'566,236;513,184;171,237;','','',1),(1524,'2019-07-24 14:45:24.121644',3,'563,228;508,194;510,254;','','',1),(1525,'2019-07-24 14:46:24.497274',4,'568,226;346,122;518,187;72,106;','','',1),(1526,'2019-07-24 14:47:24.826399',1,'566,226;','','',1),(1527,'2019-07-24 14:48:25.026947',3,'335,129;569,233;511,188;','','',1),(1528,'2019-07-24 14:49:25.336224',1,'565,213;','','',1),(1529,'2019-07-24 14:50:25.494635',3,'334,148;567,217;514,189;','','',1),(1530,'2019-07-24 14:51:25.933390',4,'337,127;576,221;333,196;523,180;74,105;','','',1),(1531,'2019-07-24 14:52:26.536570',3,'336,126;569,231;528,185;','','',1),(1532,'2019-07-24 14:53:26.793378',3,'540,193;332,143;342,122;','','',1),(1533,'2019-07-24 14:54:27.098855',4,'332,127;486,323;511,181;72,108;','','',1),(1534,'2019-07-24 14:55:27.717978',4,'331,139;227,174;391,170;522,189;','','',1),(1535,'2019-07-24 14:56:28.533018',5,'566,218;419,307;276,251;337,125;229,174;33,358;','','',1),(1536,'2019-07-24 14:57:29.072324',4,'515,191;566,205;244,117;332,128;279,355;','','',1),(1537,'2019-07-24 14:58:29.672818',3,'516,187;565,206;335,129;249,144;','','',1),(1538,'2019-07-24 14:59:30.241736',3,'261,163;529,186;566,200;550,191;','','',1),(1539,'2019-07-24 15:00:30.663605',4,'259,156;516,271;564,217;325,132;515,188;','','',1),(1540,'2019-07-24 15:01:31.007453',4,'519,185;565,212;330,133;282,350;','','',1),(1541,'2019-07-24 15:02:31.417923',4,'528,183;572,220;331,127;255,152;71,107;','','',1),(1542,'2019-07-24 15:03:31.841513',3,'528,188;571,212;333,134;','','',1),(1543,'2019-07-24 15:04:32.424862',4,'333,132;568,217;256,133;71,104;','','',1),(1544,'2019-07-24 15:05:32.603270',1,'341,273;','','',1),(1545,'2019-07-24 15:06:32.886015',2,'507,187;341,131;74,102;','','',1),(1546,'2019-07-24 15:07:33.164963',3,'332,141;507,186;252,141;','','',1),(1547,'2019-07-24 15:08:33.513864',2,'509,181;252,133;332,143;','','',1),(1548,'2019-07-24 15:09:33.818927',3,'508,185;334,151;264,160;71,107;254,140;624,258;','','',1),(1549,'2019-07-24 15:10:34.151898',3,'393,282;510,185;313,226;342,118;','','',1),(1550,'2019-07-24 15:11:34.826421',4,'443,212;509,182;346,127;157,265;287,345;','','',1),(1551,'2019-07-24 15:12:35.179937',2,'449,210;285,346;72,105;','','',1),(1552,'2019-07-24 15:13:35.462669',4,'443,240;564,192;377,270;340,154;417,259;351,248;','','',1),(1553,'2019-07-24 15:14:35.826648',3,'434,230;342,152;174,216;567,219;','','',1),(1554,'2019-07-24 15:15:36.420339',3,'440,231;570,198;252,146;','','',1),(1555,'2019-07-24 15:16:36.751537',4,'440,242;266,149;348,126;564,216;','','',1),(1556,'2019-07-24 15:17:37.463226',4,'427,239;565,229;255,144;339,155;33,357;','','',1),(1557,'2019-07-24 15:18:37.941368',3,'438,242;563,227;346,126;','','',1),(1558,'2019-07-24 15:19:38.358056',3,'444,222;270,163;345,140;570,234;31,359;','','',1),(1559,'2019-07-24 15:20:38.555385',3,'435,228;342,131;268,155;','','',1),(1560,'2019-07-24 15:21:39.032282',3,'435,251;343,131;280,161;285,352;','','',1),(1561,'2019-07-24 15:22:39.330773',2,'446,206;337,152;294,354;','','',1),(1562,'2019-07-24 15:23:39.535746',2,'439,201;337,143;285,354;','','',1),(1563,'2019-07-24 15:24:39.557538',1,'341,157;','','',1),(1564,'2019-07-24 15:25:41.222592',1,'439,210;','','',1),(1565,'2019-07-26 13:38:02.974047',1,'506,225;','','',1),(1566,'2019-07-26 13:39:03.484583',2,'512,186;496,295;','','',1),(1567,'2019-07-26 13:40:04.015611',4,'511,177;162,202;497,302;76,100;','','',1),(1568,'2019-07-26 13:41:05.068996',5,'247,188;511,186;358,128;293,167;506,299;622,321;','','',1),(1569,'2019-07-26 13:42:06.224398',4,'356,124;282,252;411,284;246,184;457,306;500,302;','','',1),(1570,'2019-07-26 13:43:06.278733',3,'507,192;352,122;568,205;326,116;489,305;','','',1),(1571,'2019-07-26 13:44:06.453941',3,'514,198;273,161;509,306;619,336;567,208;','','',1),(1572,'2019-07-26 13:45:06.495963',5,'521,184;476,311;319,219;568,229;290,136;349,120;','','',1),(1573,'2019-07-26 13:46:06.707592',3,'516,196;486,310;358,126;571,229;','','',1),(1574,'2019-07-26 13:47:06.873971',4,'511,187;356,125;568,224;484,318;292,161;','','',1),(1575,'2019-07-26 13:48:08.348211',5,'502,228;342,121;571,225;293,194;142,156;','','',1),(1576,'2019-07-26 13:49:09.803369',4,'453,328;505,222;341,120;572,217;','','',1),(1577,'2019-07-26 13:50:09.815719',3,'443,333;502,217;571,225;','','',1),(1578,'2019-07-26 13:51:11.032496',1,'508,194;110,360;578,222;','','',1),(1579,'2019-07-26 13:52:12.279655',2,'506,212;464,308;577,232;','','',1),(1580,'2019-07-26 13:53:13.515118',3,'504,225;567,207;462,306;','','',1),(1581,'2019-07-26 13:54:14.924267',4,'505,234;264,139;461,308;505,287;','','',1),(1582,'2019-07-26 13:55:16.124654',4,'503,240;465,300;268,141;566,216;519,283;','','',1),(1583,'2019-07-26 13:56:17.523587',5,'503,236;365,188;455,313;272,144;350,117;','','',1),(1584,'2019-07-26 13:57:17.872537',3,'261,201;459,168;466,310;510,223;498,262;','','',1),(1585,'2019-07-26 13:58:18.289480',4,'512,193;453,171;264,134;460,310;','','',1),(1586,'2019-07-26 13:59:19.100692',3,'453,201;473,315;516,182;583,207;','','',1),(1587,'2019-07-26 14:00:19.412286',2,'454,193;448,317;504,218;','','',1),(1588,'2019-07-26 14:01:19.930449',4,'338,339;454,190;512,197;455,312;','','',1),(1589,'2019-07-26 14:02:20.846420',2,'513,185;456,170;449,327;','','',1),(1590,'2019-07-26 14:03:27.511232',3,'512,192;454,171;454,325;567,241;','','',1),(1591,'2019-07-26 14:04:27.843100',3,'506,205;450,185;567,204;451,312;','','',1),(1592,'2019-07-26 14:05:29.516551',4,'453,171;571,242;514,195;447,328;','','',1),(1593,'2019-07-26 14:06:30.644391',4,'521,189;478,221;573,245;413,252;455,237;','','',1),(1594,'2019-07-26 14:07:31.260535',3,'452,196;511,230;405,244;539,277;','','',1),(1595,'2019-07-26 14:08:32.036260',4,'456,199;514,213;569,211;416,277;434,317;','','',1),(1596,'2019-07-26 14:09:33.531303',4,'509,223;451,201;567,209;535,285;403,238;77,100;','','',1),(1597,'2019-07-26 14:10:34.381467',3,'406,237;454,191;509,210;420,191;','','',1),(1598,'2019-07-26 14:11:34.468264',2,'508,178;452,160;425,233;111,359;','','',1),(1599,'2019-07-26 14:12:34.770644',5,'507,217;451,198;568,220;347,138;396,236;448,321;78,100;','','',1),(1600,'2019-07-26 14:13:35.867098',3,'454,212;350,155;507,258;453,325;','','',1),(1601,'2019-07-26 14:14:36.781044',6,'514,204;343,123;456,204;118,215;459,324;399,233;','','',1),(1602,'2019-07-26 14:15:38.366504',4,'453,182;571,211;510,187;344,174;583,193;454,227;','','',1),(1603,'2019-07-26 14:16:39.257807',4,'517,182;462,189;414,232;575,230;459,326;398,156;','','',1),(1604,'2019-07-26 14:17:40.194120',4,'515,181;562,331;459,195;422,239;','','',1),(1605,'2019-07-26 14:18:41.500154',5,'452,192;514,190;571,220;446,323;394,242;','','',1),(1606,'2019-07-26 14:19:42.004548',5,'513,185;452,184;427,274;567,197;458,233;447,265;','','',1),(1607,'2019-07-26 14:20:42.738051',4,'506,215;430,326;452,188;570,203;77,100;409,175;','','',1),(1608,'2019-07-26 14:21:44.037646',4,'513,181;460,211;574,244;402,235;','','',1),(1609,'2019-07-26 14:22:45.555677',6,'575,239;520,177;467,227;97,187;452,241;433,276;507,196;','','',1),(1610,'2019-07-26 14:23:46.168640',4,'572,247;430,311;455,201;500,241;471,273;','','',1),(1611,'2019-07-26 14:24:47.553306',4,'513,189;569,239;426,239;456,181;480,335;','','',1),(1612,'2019-07-26 14:25:47.633301',4,'573,249;248,195;511,183;484,323;425,227;','','',1),(1613,'2019-07-26 14:26:47.724709',5,'477,333;247,197;513,179;403,228;458,179;','','',1),(1614,'2019-07-26 14:27:48.607862',6,'245,189;513,200;474,339;569,212;412,250;457,182;','','',1),(1615,'2019-07-26 14:28:49.965886',6,'255,188;481,334;512,199;403,248;456,184;569,215;564,197;','','',1),(1616,'2019-07-26 14:29:50.368153',5,'511,190;411,245;455,176;478,332;571,199;248,168;','','',1),(1617,'2019-07-26 14:30:51.503072',5,'572,236;515,202;462,199;412,248;248,178;491,314;','','',1),(1618,'2019-07-26 14:31:52.418036',5,'450,180;473,341;253,182;505,195;569,215;400,237;492,312;','','',1),(1619,'2019-07-26 14:32:52.799193',4,'450,176;506,190;567,207;408,237;472,330;','','',1),(1620,'2019-07-26 14:33:53.675695',4,'514,199;457,195;407,238;574,237;','','',1),(1621,'2019-07-26 14:34:55.128520',5,'452,177;513,194;573,255;473,333;410,251;260,150;','','',1),(1622,'2019-07-26 14:35:56.161936',5,'511,200;567,215;455,192;398,236;477,338;','','',1),(1623,'2019-07-26 14:36:56.384801',5,'566,222;482,335;455,176;259,171;404,244;467,206;','','',1),(1624,'2019-07-26 14:37:57.901591',4,'456,180;258,170;573,241;406,242;470,215;419,228;','','',1),(1625,'2019-07-26 14:38:58.142390',5,'454,190;566,242;253,170;442,302;419,260;','','',1),(1626,'2019-07-26 14:39:58.966048',5,'488,324;434,238;567,208;255,174;471,303;','','',1),(1627,'2019-07-26 14:40:59.329347',4,'487,327;458,193;455,222;428,244;','','',1),(1628,'2019-07-26 14:42:00.030358',4,'451,267;516,187;528,336;568,196;','','',1),(1629,'2019-07-26 14:43:01.581507',4,'568,224;142,355;498,334;525,183;','','',1),(1630,'2019-07-26 14:44:02.461395',3,'450,260;515,181;568,224;514,335;','','',1),(1631,'2019-07-26 14:45:03.003644',3,'444,222;570,219;512,194;508,288;','','',1),(1632,'2019-07-26 14:46:04.085538',4,'514,195;449,226;565,226;518,336;','','',1),(1633,'2019-07-26 14:47:04.748127',4,'513,181;445,227;574,235;479,335;534,337;502,333;','','',1),(1634,'2019-07-26 14:48:06.179537',3,'446,227;512,206;562,223;524,346;','','',1),(1635,'2019-07-26 14:49:06.598488',2,'513,188;449,233;480,315;566,194;493,342;457,287;','','',1),(1636,'2019-07-26 14:50:06.598658',5,'513,183;245,162;449,210;570,207;475,345;','','',1),(1637,'2019-07-26 14:51:07.132159',4,'513,182;567,229;449,223;242,148;','','',1),(1638,'2019-07-26 14:52:07.721504',4,'248,188;446,217;514,191;564,194;','','',1),(1639,'2019-07-26 14:53:09.395802',5,'452,223;511,191;250,164;459,286;475,335;571,227;','','',1),(1640,'2019-07-26 14:54:09.522079',6,'445,216;512,188;251,164;602,353;481,341;564,217;','','',1),(1641,'2019-07-26 14:55:10.724349',5,'443,214;511,188;347,262;273,194;488,343;','','',1),(1642,'2019-07-26 14:56:12.039137',2,'279,105;458,302;475,336;','','',1),(1643,'2019-07-26 14:57:13.335778',1,'479,334;273,153;148,96;','','',1),(1644,'2019-07-26 14:58:13.379658',3,'213,288;292,252;492,346;','','',1),(1645,'2019-07-26 14:59:14.775062',2,'327,238;133,236;71,105;','','',1),(1646,'2019-07-26 15:00:15.912340',3,'486,350;244,203;317,266;334,146;','','',1),(1647,'2019-07-26 15:01:17.121179',2,'478,242;489,345;','','',1),(1648,'2019-07-26 15:02:17.958026',2,'472,327;201,134;','','',1),(1649,'2019-07-26 15:04:18.849003',1,'478,326;','','',1),(1650,'2019-07-26 15:05:19.850140',1,'272,196;','','',1),(1651,'2019-07-26 15:06:20.818361',1,'272,197;471,329;','','',1),(1652,'2019-07-26 15:07:21.862372',2,'273,193;477,321;','','',1),(1653,'2019-07-26 15:08:22.647199',2,'271,197;470,332;','','',1),(1654,'2019-07-26 15:09:23.632522',2,'276,197;478,330;','','',1),(1655,'2019-07-26 15:10:23.738097',2,'276,193;478,326;','','',1),(1656,'2019-07-26 15:11:25.283603',2,'275,198;481,329;144,98;','','',1),(1657,'2019-07-26 15:12:26.536907',2,'278,193;479,324;','','',1),(1658,'2019-07-26 15:13:27.262006',2,'277,197;463,339;','','',1),(1659,'2019-07-26 15:14:28.116401',2,'110,208;75,105;','','',1),(1660,'2019-07-26 15:15:31.100604',2,'263,178;467,321;','','',1),(1661,'2019-07-26 15:16:43.503039',2,'263,177;466,314;503,338;','','',1),(1662,'2019-07-26 15:17:44.520718',2,'274,200;403,308;','','',1),(1663,'2019-07-26 15:18:47.304399',1,'273,200;399,298;','','',1),(1664,'2019-07-26 15:20:29.062283',2,'289,129;298,217;','','',1),(1665,'2019-07-26 15:21:29.101064',2,'287,181;404,158;','','',1),(1666,'2019-07-26 15:22:30.172626',2,'287,182;407,162;','','',1),(1667,'2019-07-26 15:23:31.789494',2,'405,160;286,181;','','',1),(1668,'2019-07-26 15:24:32.902210',2,'407,159;288,180;','','',1),(1669,'2019-07-26 15:25:35.293391',2,'403,163;291,127;633,285;','','',1),(1670,'2019-07-26 15:26:35.416895',3,'269,169;411,163;371,274;','','',1),(1671,'2019-07-26 15:27:36.456192',2,'384,183;264,166;','','',1),(1672,'2019-07-26 15:29:51.361030',2,'392,185;285,205;','','',1),(1673,'2019-07-26 15:30:51.404212',2,'275,156;402,155;','','',1),(1674,'2019-07-26 15:31:52.180475',1,'270,148;72,99;','','',1),(1675,'2019-07-26 15:32:52.383713',2,'389,196;268,153;','','',1),(1676,'2019-07-26 15:33:52.603645',2,'404,173;268,158;','','',1),(1677,'2019-07-26 15:34:52.763557',2,'400,175;271,170;','','',1),(1678,'2019-07-26 15:35:53.092892',2,'399,187;269,172;','','',1),(1679,'2019-07-26 15:36:53.252973',2,'395,192;285,166;','','',1),(1680,'2019-07-26 15:37:53.378420',1,'395,197;','','',1),(1681,'2019-07-26 15:38:53.429451',2,'268,181;399,193;','','',1),(1682,'2019-07-26 15:39:53.480385',2,'395,199;269,157;72,98;','','',1),(1683,'2019-07-26 15:40:53.584927',1,'394,194;','','',1),(1684,'2019-07-26 15:41:55.105866',1,'396,185;','','',1),(1685,'2019-07-26 15:42:55.229528',2,'454,211;398,183;','','',1),(1686,'2019-07-26 15:43:55.273255',2,'327,270;402,168;','','',1),(1687,'2019-07-26 15:44:55.373201',2,'387,199;278,153;','','',1),(1688,'2019-07-26 15:45:55.563479',4,'447,211;261,163;355,250;399,169;','','',1),(1689,'2019-07-26 15:46:55.957905',3,'389,163;527,281;264,157;','','',1),(1690,'2019-07-26 15:47:57.529655',4,'392,180;355,354;456,173;453,279;','','',1),(1691,'2019-07-26 15:49:25.545874',2,'483,291;393,188;461,178;','','',1),(1692,'2019-07-26 15:50:26.600500',3,'394,182;266,198;484,292;539,288;467,177;','','',1),(1693,'2019-07-26 15:51:27.310113',2,'392,174;469,162;257,182;','','',1),(1694,'2019-07-26 15:52:27.850385',2,'387,196;458,211;186,138;255,142;','','',1),(1695,'2019-07-26 15:53:29.295912',2,'392,197;245,148;','','',1),(1696,'2019-07-26 15:54:29.441682',1,'236,207;74,95;213,192;','','',1),(1697,'2019-07-26 15:55:29.995943',2,'397,183;456,186;495,282;311,230;','','',1),(1698,'2019-07-26 15:56:30.619288',2,'455,197;324,232;491,279;477,289;','','',1),(1699,'2019-07-26 15:57:30.816515',1,'366,196;633,284;','','',1),(1700,'2019-07-26 15:58:32.423262',1,'502,353;','','',1),(1701,'2019-07-26 15:59:33.014093',1,'477,275;565,197;','','',1),(1702,'2019-07-26 16:00:33.804108',1,'492,283;','','',1),(1703,'2019-07-26 16:01:34.729141',1,'481,272;568,204;','','',1),(1704,'2019-07-26 16:02:35.979785',1,'568,203;','','',1),(1705,'2019-07-26 16:03:37.049448',2,'377,205;568,193;','','',1),(1706,'2019-07-26 16:04:37.163432',1,'568,204;','','',1),(1707,'2019-07-26 16:05:37.326315',1,'483,328;','','',1);
/*!40000 ALTER TABLE `report` ENABLE KEYS */;
UNLOCK TABLES;

--
-- Table structure for table `store`
--

DROP TABLE IF EXISTS `store`;
/*!40101 SET @saved_cs_client     = @@character_set_client */;
 SET character_set_client = utf8mb4 ;
CREATE TABLE `store` (
  `sto_id` int(11) NOT NULL AUTO_INCREMENT,
  `sto_name` varchar(45) NOT NULL,
  `sto_address` varchar(45) NOT NULL,
  `sto_phone` varchar(11) NOT NULL,
  `sto_date_created` varchar(255) NOT NULL,
  `sto_date_updated` varchar(255) DEFAULT NULL,
  `sto_status` varchar(10) DEFAULT NULL,
  `sto_update_by` varchar(45) DEFAULT NULL,
  `cpn_store_id` int(11) DEFAULT NULL,
  PRIMARY KEY (`sto_id`),
  KEY `com_id_idx` (`cpn_store_id`),
  CONSTRAINT `cpn_store_id` FOREIGN KEY (`cpn_store_id`) REFERENCES `company` (`cpn_id`)
) ENGINE=InnoDB AUTO_INCREMENT=9 DEFAULT CHARSET=latin1;
/*!40101 SET character_set_client = @saved_cs_client */;

--
-- Dumping data for table `store`
--

LOCK TABLES `store` WRITE;
/*!40000 ALTER TABLE `store` DISABLE KEYS */;
INSERT INTO `store` VALUES (1,'Ngoc Lan Quan Binh Thanh','222 Phan Van Tri Quan Binh Thanh','0904635521','2019-06-12T12:41:27.122','2019-06-24T09:55:52.986','active','cuongdq',1),(2,'Ngoc Lan Quan 1','123 Le Duan Quan 1','0121355466','2019-06-12T12:42:11.467','2019-07-09T13:35:22.589','active','cuongdq',1),(3,'KFC Quan Phu Nhuan','555 Tran Huy Lieu Quan Phu Nhuan','0936765256','2019-06-12T12:42:41.865',NULL,'active',NULL,2),(4,'KFC Quan 1','123 Ham Nghi Quan 1','0121355677','2019-06-12T12:43:18.215',NULL,'active',NULL,2),(5,'Ngoc Lan Quan Go Vap','276 Phan Van Tri Quan Go Vap','0904635563','2019-07-28T22:46:16.529','2019-08-03T15:03:22.272','active','tytn',1),(8,'Ngoc Lan Quan 12','123 To Ky Quan 12','0903674456','2019-07-31T00:51:54.037','2019-08-03T16:03:33.605','active','cuongdqse',1);
/*!40000 ALTER TABLE `store` ENABLE KEYS */;
UNLOCK TABLES;
/*!40103 SET TIME_ZONE=@OLD_TIME_ZONE */;

/*!40101 SET SQL_MODE=@OLD_SQL_MODE */;
/*!40014 SET FOREIGN_KEY_CHECKS=@OLD_FOREIGN_KEY_CHECKS */;
/*!40014 SET UNIQUE_CHECKS=@OLD_UNIQUE_CHECKS */;
/*!40101 SET CHARACTER_SET_CLIENT=@OLD_CHARACTER_SET_CLIENT */;
/*!40101 SET CHARACTER_SET_RESULTS=@OLD_CHARACTER_SET_RESULTS */;
/*!40101 SET COLLATION_CONNECTION=@OLD_COLLATION_CONNECTION */;
/*!40111 SET SQL_NOTES=@OLD_SQL_NOTES */;

-- Dump completed on 2019-08-04 16:45:32
