-- MySQL dump 10.13  Distrib 8.0.16, for Win64 (x86_64)
--
-- Host: localhost    Database: heatmapsystem
-- ------------------------------------------------------
-- Server version	8.0.16

/*!40101 SET @OLD_CHARACTER_SET_CLIENT=@@CHARACTER_SET_CLIENT */;
/*!40101 SET @OLD_CHARACTER_SET_RESULTS=@@CHARACTER_SET_RESULTS */;
/*!40101 SET @OLD_COLLATION_CONNECTION=@@COLLATION_CONNECTION */;
 SET NAMES utf8 ;
/*!40103 SET @OLD_TIME_ZONE=@@TIME_ZONE */;
/*!40103 SET TIME_ZONE='+00:00' */;
/*!40014 SET @OLD_UNIQUE_CHECKS=@@UNIQUE_CHECKS, UNIQUE_CHECKS=0 */;
/*!40014 SET @OLD_FOREIGN_KEY_CHECKS=@@FOREIGN_KEY_CHECKS, FOREIGN_KEY_CHECKS=0 */;
/*!40101 SET @OLD_SQL_MODE=@@SQL_MODE, SQL_MODE='NO_AUTO_VALUE_ON_ZERO' */;
/*!40111 SET @OLD_SQL_NOTES=@@SQL_NOTES, SQL_NOTES=0 */;

--
-- Table structure for table `account`
--

DROP TABLE IF EXISTS `account`;
/*!40101 SET @saved_cs_client     = @@character_set_client */;
 SET character_set_client = utf8mb4 ;
CREATE TABLE `account` (
  `acc_id` int(11) NOT NULL AUTO_INCREMENT,
  `acc_username` varchar(20) NOT NULL,
  `acc_password` varchar(255) NOT NULL,
  `acc_fullname` varchar(45) DEFAULT NULL,
  `acc_email` varchar(45) DEFAULT NULL,
  `acc_gender` int(1) DEFAULT NULL,
  `acc_phone` varchar(10) DEFAULT NULL,
  `acc_role` tinyint(4) DEFAULT NULL,
  `acc_date_created` varchar(255) NOT NULL,
  `acc_date_updated` varchar(255) DEFAULT NULL,
  `acc_status` varchar(10) DEFAULT NULL,
  `acc_updated_by` varchar(20) DEFAULT NULL,
  `cpn_acc_id` int(11) NOT NULL,
  PRIMARY KEY (`acc_id`),
  KEY `cpn_acc_id` (`cpn_acc_id`),
  CONSTRAINT `cpn_acc_id` FOREIGN KEY (`cpn_acc_id`) REFERENCES `company` (`cpn_id`)
) ENGINE=InnoDB AUTO_INCREMENT=6 DEFAULT CHARSET=latin1;
/*!40101 SET character_set_client = @saved_cs_client */;

--
-- Dumping data for table `account`
--

LOCK TABLES `account` WRITE;
/*!40000 ALTER TABLE `account` DISABLE KEYS */;
INSERT INTO `account` VALUES (1,'cuongdq','1234567','Do Cuong','qcuong2511@gmail.com',0,'0904635563',1,'2019-06-12T12:35:06.732',NULL,'active',NULL,1),(2,'camdq','12345671','Do Quoc Cam','qcam12345@gmail.com',0,'0121385567',0,'2019-06-12T12:35:53.780','2019-07-12T12:47:50.372','active','cuongdq',2),(3,'tannm','1234567','Ngo Minh Tan','tannm@gmail.com',0,'0121374455',0,'2019-06-12T12:36:34.703','2019-07-09T13:34:25.948','active','cuongdq',1),(4,'cuongpg1','1234567','Phan Gia Cuong','cuongpg123@gmail.com',0,'0125226633',0,'2019-06-12T12:37:16.409','2019-07-02T14:38:10.648','active','cuongdq',1),(5,'tytn','$2a$10$zHqw68Y5ZIw5dxs3J4Iu0OLhz8sZvL8zfMLvOBwA5Ey.oLIDWNzr2','Tran Ngoc Ty','tytn@gmail.com',0,'0121385566',0,'2019-07-05T11:37:53.171','','active','',2);
/*!40000 ALTER TABLE `account` ENABLE KEYS */;
UNLOCK TABLES;

--
-- Table structure for table `account_store`
--

DROP TABLE IF EXISTS `account_store`;
/*!40101 SET @saved_cs_client     = @@character_set_client */;
 SET character_set_client = utf8mb4 ;
CREATE TABLE `account_store` (
  `acc_sto_id` int(4) NOT NULL AUTO_INCREMENT,
  `acc_sto_date_created` varchar(255) NOT NULL,
  `acc_sto_date_updated` varchar(255) DEFAULT NULL,
  `acc_sto_updated_by` varchar(45) DEFAULT NULL,
  `account_id` int(4) NOT NULL,
  `store_id` int(4) NOT NULL,
  PRIMARY KEY (`acc_sto_id`),
  KEY `account_id_idx` (`account_id`),
  KEY `store_id_idx` (`store_id`),
  CONSTRAINT `account_id` FOREIGN KEY (`account_id`) REFERENCES `account` (`acc_id`),
  CONSTRAINT `store_id` FOREIGN KEY (`store_id`) REFERENCES `store` (`sto_id`)
) ENGINE=InnoDB AUTO_INCREMENT=5 DEFAULT CHARSET=latin1;
/*!40101 SET character_set_client = @saved_cs_client */;

--
-- Dumping data for table `account_store`
--

LOCK TABLES `account_store` WRITE;
/*!40000 ALTER TABLE `account_store` DISABLE KEYS */;
INSERT INTO `account_store` VALUES (1,'2019-06-12T12:35:06.732',NULL,NULL,2,1),(2,'2019-06-12T12:35:06.732',NULL,NULL,4,2),(3,'2019-06-12T12:35:06.732',NULL,NULL,3,2),(4,'2019-06-12T12:35:06.732',NULL,NULL,5,3);
/*!40000 ALTER TABLE `account_store` ENABLE KEYS */;
UNLOCK TABLES;

--
-- Table structure for table `analysis`
--

DROP TABLE IF EXISTS `analysis`;
/*!40101 SET @saved_cs_client     = @@character_set_client */;
 SET character_set_client = utf8mb4 ;
CREATE TABLE `analysis` (
  `als_id` int(11) NOT NULL AUTO_INCREMENT,
  `als_gender` varchar(2000) DEFAULT NULL,
  `als_age` varchar(2000) DEFAULT NULL,
  `als_time` varchar(2000) DEFAULT NULL,
  `htm_cam_id` int(11) DEFAULT NULL,
  PRIMARY KEY (`als_id`),
  KEY `cam_id_idx` (`htm_cam_id`)
) ENGINE=InnoDB DEFAULT CHARSET=latin1;
/*!40101 SET character_set_client = @saved_cs_client */;

--
-- Dumping data for table `analysis`
--

LOCK TABLES `analysis` WRITE;
/*!40000 ALTER TABLE `analysis` DISABLE KEYS */;
/*!40000 ALTER TABLE `analysis` ENABLE KEYS */;
UNLOCK TABLES;

--
-- Table structure for table `area`
--

DROP TABLE IF EXISTS `area`;
/*!40101 SET @saved_cs_client     = @@character_set_client */;
 SET character_set_client = utf8mb4 ;
CREATE TABLE `area` (
  `area_id` int(11) NOT NULL AUTO_INCREMENT,
  `area_floor` int(11) NOT NULL,
  `area_name` varchar(20) NOT NULL,
  `area_date_created` varchar(255) NOT NULL,
  `area_date_updated` varchar(255) DEFAULT NULL,
  `area_status` varchar(10) DEFAULT NULL,
  `area_updated_by` varchar(45) DEFAULT NULL,
  `sto_id` int(11) NOT NULL,
  PRIMARY KEY (`area_id`),
  KEY `sto_id_idx` (`sto_id`),
  CONSTRAINT `sto_id` FOREIGN KEY (`sto_id`) REFERENCES `store` (`sto_id`)
) ENGINE=InnoDB AUTO_INCREMENT=6 DEFAULT CHARSET=latin1;
/*!40101 SET character_set_client = @saved_cs_client */;

--
-- Dumping data for table `area`
--

LOCK TABLES `area` WRITE;
/*!40000 ALTER TABLE `area` DISABLE KEYS */;
INSERT INTO `area` VALUES (1,1,'Ban Lon','2019-06-13T12:41:27.122',NULL,'active',NULL,1),(2,1,'Ngoai Troi','2019-06-13T12:41:27.122',NULL,'active',NULL,2),(3,2,'Cau Thang','2019-06-13T12:41:27.122',NULL,'active',NULL,1),(4,2,'Ban Tron','2019-06-12T13:16:19.739','2019-06-24T10:05:37.492','active','cuongdq',2),(5,2,'Phong Hop','2019-06-14T10:51:56.605','2019-06-24T09:56:24.533','active','cuongdq',2);
/*!40000 ALTER TABLE `area` ENABLE KEYS */;
UNLOCK TABLES;

--
-- Table structure for table `camera`
--

DROP TABLE IF EXISTS `camera`;
/*!40101 SET @saved_cs_client     = @@character_set_client */;
 SET character_set_client = utf8mb4 ;
CREATE TABLE `camera` (
  `cam_id` int(11) NOT NULL AUTO_INCREMENT,
  `cam_ip` varchar(20) NOT NULL,
  `cam_account` varchar(45) NOT NULL,
  `cam_password` varchar(45) NOT NULL,
  `cam_date_created` varchar(255) NOT NULL,
  `cam_date_updated` varchar(255) DEFAULT NULL,
  `cam_status` varchar(10) DEFAULT NULL,
  `cam_updated_by` varchar(45) DEFAULT NULL,
  `cam_area_id` int(11) NOT NULL,
  PRIMARY KEY (`cam_id`),
  KEY `area_id_idx` (`cam_area_id`),
  CONSTRAINT `cam_area_id` FOREIGN KEY (`cam_area_id`) REFERENCES `area` (`area_id`)
) ENGINE=InnoDB AUTO_INCREMENT=9 DEFAULT CHARSET=latin1;
/*!40101 SET character_set_client = @saved_cs_client */;

--
-- Dumping data for table `camera`
--

LOCK TABLES `camera` WRITE;
/*!40000 ALTER TABLE `camera` DISABLE KEYS */;
INSERT INTO `camera` VALUES (1,'192.168.12.33','cuongdq','1234','2019-06-13T12:41:27.122','2019-06-12T13:35:19.054','active','cuongdq',1),(2,'192.168.3.1','cuongdq','1234','2019-06-13T12:41:27.122',NULL,'active',NULL,1),(3,'192.168.2.3','cuongdq','1234','2019-06-13T12:41:27.122',NULL,'active',NULL,2),(4,'192.168.3.2','cuongdq','1234','2019-06-13T12:41:27.122',NULL,'active',NULL,4),(5,'192.168.3.2','cuongdq','1234','2019-06-13T12:41:27.122',NULL,'inactive',NULL,2),(6,'192.168.12.53','cuongdq','1234','2019-06-12T13:38:00.717',NULL,'active',NULL,1),(7,'192.168.12.553','tannm','1234','2019-06-12T13:38:39.589',NULL,'inactive',NULL,3),(8,'192.168.3.3','huyvt123','1234','2019-06-14T12:26:13.331','2019-06-14T12:26:32.154','inactive','cuongdq',4);
/*!40000 ALTER TABLE `camera` ENABLE KEYS */;
UNLOCK TABLES;

--
-- Table structure for table `company`
--

DROP TABLE IF EXISTS `company`;
/*!40101 SET @saved_cs_client     = @@character_set_client */;
 SET character_set_client = utf8mb4 ;
CREATE TABLE `company` (
  `cpn_id` int(11) NOT NULL AUTO_INCREMENT,
  `cpn_name` varchar(45) NOT NULL,
  `cpn_address` varchar(45) NOT NULL,
  `cpn_date_created` varchar(255) NOT NULL,
  `cpn_date_updated` varchar(255) DEFAULT NULL,
  `cpn_status` varchar(10) DEFAULT NULL,
  `cpn_updated_by` varchar(45) DEFAULT NULL,
  PRIMARY KEY (`cpn_id`)
) ENGINE=InnoDB AUTO_INCREMENT=5 DEFAULT CHARSET=latin1;
/*!40101 SET character_set_client = @saved_cs_client */;

--
-- Dumping data for table `company`
--

LOCK TABLES `company` WRITE;
/*!40000 ALTER TABLE `company` DISABLE KEYS */;
INSERT INTO `company` VALUES (1,'Passio','123 Quang Trung Quan 12','2019-06-12T12:19:04.637','2019-07-02T09:19:01.861','active','cuongdq'),(2,'KFC','321 Dien Bien Phu Quan 3','2019-06-12T12:20:05.419','2019-06-14T11:49:19.808','active','cuongdq'),(3,'Lotteria','432 Ham Nghi Quan 1','2019-06-12T12:20:28.083',NULL,'active',NULL),(4,'Cheese Coffee','123 Dinh Tien Hoang Quan Binh Thanh','2019-06-12T12:27:16.039',NULL,'active',NULL);
/*!40000 ALTER TABLE `company` ENABLE KEYS */;
UNLOCK TABLES;

--
-- Table structure for table `report`
--

DROP TABLE IF EXISTS `report`;
/*!40101 SET @saved_cs_client     = @@character_set_client */;
 SET character_set_client = utf8mb4 ;
CREATE TABLE `report` (
  `rep_id` int(11) NOT NULL AUTO_INCREMENT,
  `rep_time` varchar(255) DEFAULT NULL,
  `rep_count` int(11) DEFAULT NULL,
  `rep_heatmap` varchar(2000) DEFAULT NULL,
  `rep_cam_id` int(11) NOT NULL,
  PRIMARY KEY (`rep_id`),
  KEY `cam_id_idx` (`rep_cam_id`),
  CONSTRAINT `rep_cam_id` FOREIGN KEY (`rep_cam_id`) REFERENCES `camera` (`cam_id`)
) ENGINE=InnoDB AUTO_INCREMENT=453 DEFAULT CHARSET=latin1;
/*!40101 SET character_set_client = @saved_cs_client */;

--
-- Dumping data for table `report`
--

LOCK TABLES `report` WRITE;
/*!40000 ALTER TABLE `report` DISABLE KEYS */;
INSERT INTO `report` VALUES (1,'2019-07-03 08:10:00.000',2,NULL,1),(2,'2019-07-03 08:20:00.000',3,NULL,1),(3,'2019-07-03 08:30:00.000',3,NULL,1),(4,'2019-07-03 08:40:00.000',4,NULL,1),(5,'2019-07-03 08:50:00.000',6,NULL,1),(6,'2019-07-03 09:00:00.000',1,NULL,1),(7,'2019-07-03 09:10:00.000',5,NULL,1),(8,'2019-07-03 09:20:00.000',15,NULL,1),(9,'2019-07-08 08:00:00.000',8,NULL,1),(10,'2019-07-08 08:10:00.000',16,NULL,1),(11,'2019-07-08 08:20:00.000',9,NULL,1),(12,'2019-07-08 08:30:00.000',10,NULL,1),(13,'2019-07-08 08:.40:00.000',2,NULL,1),(14,'2019-07-08 08:50:00.000',7,NULL,1),(15,'2019-07-08 09:00:00.000',9,NULL,1),(16,'2019-07-08 09:10:00.000',4,NULL,1),(17,'2019-07-08 09:20:00.000',7,NULL,1),(18,'2019-07-08 09:30:00.000',2,NULL,1),(19,'2019-07-08 09:40:00.000',6,NULL,1),(20,'2019-07-08 09:50:00.000',12,NULL,1),(21,'2019-07-08 10:00:00.000',5,NULL,1),(22,'2019-07-08 10:10:00.000',4,NULL,1),(23,'2019-07-08 10:20:00.000',8,NULL,1),(24,'2019-07-08 10:30:00.000',3,NULL,1),(25,'2019-07-08 10:40:00.000',2,NULL,1),(26,'2019-07-08 10:50:00.000',1,NULL,1),(27,'2019-07-08 11:00:00.000',8,NULL,1),(28,'2019-07-08 11:10:00.000',6,NULL,1),(29,'2019-07-08 11:20:00.000',18,NULL,1),(30,'2019-07-08 11:30:00.000',2,NULL,1),(31,'2019-07-08 11:40:00.000',9,NULL,1),(32,'2019-07-08 11:50:00.000',7,NULL,1),(33,'2019-07-08 12:00:00.000',4,NULL,1),(34,'2019-07-08 12:10:00.000',4,NULL,1),(35,'2019-07-08 12:20:00.000',5,NULL,1),(36,'2019-07-08 12:30:00.000',15,NULL,1),(37,'2019-07-08 12:40:00.000',8,NULL,1),(38,'2019-07-08 12:50:00.000',7,NULL,1),(39,'2019-07-08 13:00:00.000',8,NULL,1),(40,'2019-07-08 13:10:00.000',5,NULL,1),(41,'2019-07-08 13:20:00.000',2,NULL,1),(42,'2019-07-08 13:30:00.000',4,NULL,1),(43,'2019-07-08 13:40:00.000',2,NULL,1),(44,'2019-07-08 13:50:00.000',2,NULL,1),(45,'2019-07-08 14:00:00.000',8,NULL,1),(46,'2019-07-08 14:10:00.000',2,NULL,1),(47,'2019-07-08 14:20:00.000',5,NULL,1),(48,'2019-07-08 14:30:00.000',7,NULL,1),(49,'2019-07-08 14:40:00.000',2,NULL,1),(50,'2019-07-08 14:50:00.000',3,NULL,1),(51,'2019-07-08 15:00:00.000',5,NULL,1),(52,'2019-07-08 15:10:00.000',1,NULL,1),(53,'2019-07-08 15:20:00.000',12,NULL,1),(54,'2019-07-08 15:30:00.000',6,NULL,1),(55,'2019-07-08 15:40:00.000',3,NULL,1),(56,'2019-07-08 15:50:00.000',12,NULL,1),(57,'2019-07-08 16:00:00.000',14,NULL,1),(58,'2019-07-08 16:10:00.000',4,NULL,1),(59,'2019-07-08 16:20:00.000',1,NULL,1),(60,'2019-07-08 16:30:00.000',2,NULL,1),(61,'2019-07-08 16:40:00.000',3,NULL,1),(62,'2019-07-08 16:50:00.000',4,NULL,1),(63,'2019-07-08 17:10:00.000',1,NULL,1),(64,'2019-07-08 17:10:00.000',2,NULL,1),(65,'2019-07-08 17:20:00.000',15,NULL,1),(66,'2019-07-08 17:30:00.000',4,NULL,1),(67,'2019-07-08 17:40:00.000',5,NULL,1),(68,'2019-07-08 17:50:00.000',4,NULL,1),(69,'2019-07-08 18:00:00.000',5,NULL,1),(70,'2019-07-08 18:10:00.000',1,NULL,1),(71,'2019-07-08 18:20:00.000',1,NULL,1),(72,'2019-07-08 18:30:00.000',1,NULL,1),(73,'2019-07-08 18:40:00.000',1,NULL,1),(74,'2019-07-08 18:50:00.000',1,NULL,1),(75,'2019-07-08 19:00:00.000',1,NULL,1),(76,'2019-07-08 19:10:00.000',1,NULL,1),(77,'2019-07-08 19:20:00.000',1,NULL,1),(78,'2019-07-08 19:30:00.000',1,NULL,1),(79,'2019-07-08 19:40:00.000',1,NULL,1),(80,'2019-07-08 19:50:00.000',1,NULL,1),(81,'2019-07-08 20:00:00.000',1,NULL,1),(82,'2019-07-09 13:23:17.879660',1,NULL,1),(83,'2019-07-09 13:23:17.879660',1,NULL,1),(84,'2019-07-09 13:23:17.879660',1,NULL,1),(85,'2019-07-09 13:23:17.879660',1,NULL,1),(86,'2019-07-09 13:23:17.879660',1,NULL,1),(87,'2019-07-09 13:23:17.879660',1,NULL,1),(88,'2019-07-09 13:23:17.879660',1,NULL,1),(89,'2019-07-09 13:23:17.879660',2,NULL,1),(90,'2019-07-09 13:23:17.879660',1,NULL,1),(91,'2019-07-09 13:23:17.879660',1,NULL,1),(92,'2019-07-09 13:23:17.879660',1,NULL,1),(93,'2019-07-09 13:23:17.879660',2,NULL,1),(94,'2019-07-09 13:39:15.504180',1,NULL,1),(95,'2019-07-09 13:39:15.504180',1,NULL,1),(96,'2019-07-09 13:39:15.504180',2,NULL,1),(97,'2019-07-09 13:39:15.504180',3,NULL,1),(98,'2019-07-09 13:39:15.504180',3,NULL,1),(99,'2019-07-09 13:39:15.504180',3,NULL,1),(100,'2019-07-09 13:39:15.504180',2,NULL,1),(101,'2019-07-09 13:39:15.504180',2,NULL,1),(102,'2019-07-09 13:39:15.504180',2,NULL,1),(103,'2019-07-09 13:39:15.504180',1,NULL,1),(104,'2019-07-09 13:39:15.504180',1,NULL,1),(105,'2019-07-09 13:39:15.504180',1,NULL,1),(106,'2019-07-09 13:39:15.504180',1,NULL,1),(107,'2019-07-09 13:39:15.504180',0,NULL,1),(108,'2019-07-09 13:39:15.504180',3,NULL,1),(109,'2019-07-09 13:39:15.504180',2,NULL,1),(110,'2019-07-09 13:39:15.504180',1,NULL,1),(111,'2019-07-09 13:39:15.504180',2,NULL,1),(112,'2019-07-09 13:52:52.139614',3,NULL,1),(113,'2019-07-09 13:53:35.241936',2,NULL,1),(114,'2019-07-09 13:54:23.117395',2,NULL,1),(115,'2019-07-09 13:55:11.254420',3,NULL,1),(116,'2019-07-09 13:55:57.898452',2,NULL,1),(117,'2019-07-09 13:56:40.381869',2,NULL,1),(118,'2019-07-09 13:57:33.383478',2,NULL,1),(119,'2019-07-09 13:58:17.292956',2,NULL,1),(120,'2019-07-09 13:58:59.119781',2,NULL,1),(121,'2019-07-09 13:59:43.500075',2,NULL,1),(122,'2019-07-09 14:00:25.364996',2,NULL,1),(123,'2019-07-09 14:01:08.596858',2,NULL,1),(124,'2019-07-09 14:01:50.132553',2,NULL,1),(125,'2019-07-09 14:02:34.230797',2,NULL,1),(126,'2019-07-09 14:03:16.674813',2,NULL,1),(127,'2019-07-09 14:03:59.538700',2,NULL,1),(128,'2019-07-09 14:04:41.975021',2,NULL,1),(129,'2019-07-09 14:05:26.482535',3,NULL,1),(130,'2019-07-09 14:06:15.819504',2,NULL,1),(131,'2019-07-09 14:07:06.855273',2,NULL,1),(132,'2019-07-09 14:08:49.366169',4,NULL,1),(133,'2019-07-09 14:10:15.031250',1,NULL,1),(134,'2019-07-09 14:11:39.460734',1,NULL,1),(135,'2019-07-09 14:13:10.302737',2,NULL,1),(136,'2019-07-09 14:51:29.885723',2,NULL,1),(137,'2019-07-09 14:52:15.864783',6,NULL,1),(138,'2019-07-09 14:53:01.872292',2,NULL,1),(139,'2019-07-09 14:53:42.875433',3,NULL,1),(140,'2019-07-09 14:54:25.698690',3,NULL,1),(141,'2019-07-10 13:42:03.413710',3,NULL,1),(142,'2019-07-10 13:42:40.333403',1,NULL,1),(143,'2019-07-10 13:43:16.372107',1,NULL,1),(144,'2019-07-10 13:43:52.214043',1,NULL,1),(145,'2019-07-10 13:44:25.688405',1,NULL,1),(146,'2019-07-10 13:44:59.607337',1,NULL,1),(147,'2019-07-10 13:45:33.303042',1,NULL,1),(148,'2019-07-10 13:46:07.907095',1,NULL,1),(149,'2019-07-10 13:46:40.896183',1,NULL,1),(150,'2019-07-10 13:47:14.259629',3,NULL,1),(151,'2019-07-10 13:47:47.005493',1,NULL,1),(152,'2019-07-10 13:48:20.747934',1,NULL,1),(153,'2019-07-10 13:48:54.454879',1,NULL,1),(154,'2019-07-10 13:49:28.646518',1,NULL,1),(155,'2019-07-10 13:50:02.142286',1,NULL,1),(156,'2019-07-10 13:50:35.680873',1,NULL,1),(157,'2019-07-10 13:51:08.175469',1,NULL,1),(158,'2019-07-10 13:51:40.381923',1,NULL,1),(159,'2019-07-10 13:52:15.111854',1,NULL,1),(160,'2019-07-10 13:52:50.847532',1,NULL,1),(161,'2019-07-10 13:53:27.909534',1,NULL,1),(162,'2019-07-10 13:54:12.532609',1,NULL,1),(163,'2019-07-10 13:56:33.930332',1,NULL,1),(164,'2019-07-10 14:00:40.008748',1,NULL,1),(165,'2019-07-10 14:03:06.163409',1,NULL,1),(166,'2019-07-10 14:03:53.122414',1,NULL,1),(167,'2019-07-10 14:04:39.942337',1,NULL,1),(168,'2019-07-10 14:05:26.346325',1,NULL,1),(169,'2019-07-10 14:06:12.579616',1,NULL,1),(170,'2019-07-10 14:06:58.888840',1,NULL,1),(171,'2019-07-10 14:08:54.177206',1,NULL,1),(172,'2019-07-10 14:30:48.794215',1,NULL,1),(173,'2019-07-10 14:31:49.930679',1,NULL,1),(174,'2019-07-10 14:32:49.974191',1,NULL,1),(175,'2019-07-10 14:33:51.982601',0,NULL,1),(176,'2019-07-10 14:34:42.354935',0,NULL,1),(177,'2019-07-10 14:35:34.862695',0,NULL,1),(178,'2019-07-10 14:36:29.931799',0,NULL,1),(179,'2019-07-10 14:37:24.874738',0,NULL,1),(180,'2019-07-10 14:38:17.499968',0,NULL,1),(181,'2019-07-10 14:39:11.610997',0,NULL,1),(182,'2019-07-10 14:40:06.082205',0,NULL,1),(183,'2019-07-10 14:40:59.857645',0,NULL,1),(184,'2019-07-10 14:41:53.303323',0,NULL,1),(185,'2019-07-10 14:42:51.039406',0,NULL,1),(186,'2019-07-10 14:43:44.794853',0,NULL,1),(187,'2019-07-10 14:44:38.481682',0,NULL,1),(188,'2019-07-10 14:45:33.283877',0,NULL,1),(189,'2019-07-10 14:46:29.551143',0,NULL,1),(190,'2019-07-10 14:47:23.712096',0,NULL,1),(191,'2019-07-10 14:48:17.149302',0,NULL,1),(192,'2019-07-10 14:49:11.508602',0,NULL,1),(193,'2019-07-10 14:50:06.540120',0,NULL,1),(194,'2019-07-10 14:51:01.547646',0,NULL,1),(195,'2019-07-10 14:51:55.532462',0,NULL,1),(196,'2019-07-10 14:52:48.438192',0,NULL,1),(197,'2019-07-10 14:53:41.748843',0,NULL,1),(198,'2019-07-10 14:54:35.645894',0,NULL,1),(199,'2019-07-10 14:55:29.036981',0,NULL,1),(200,'2019-07-10 14:56:22.764362',0,NULL,1),(201,'2019-07-10 14:57:17.379007',0,NULL,1),(202,'2019-07-10 14:58:10.009622',0,NULL,1),(203,'2019-07-10 14:59:05.673339',0,NULL,1),(204,'2019-07-10 14:59:58.772994',0,NULL,1),(205,'2019-07-10 15:00:52.995482',0,NULL,1),(206,'2019-07-10 15:01:46.180325',0,NULL,1),(207,'2019-07-10 15:02:41.174953',0,NULL,1),(208,'2019-07-10 15:03:36.646618',0,NULL,1),(209,'2019-07-10 15:04:30.001365',0,NULL,1),(210,'2019-07-10 15:05:24.749226',0,NULL,1),(211,'2019-07-10 15:06:19.056278',0,NULL,1),(212,'2019-07-10 15:07:13.844688',0,NULL,1),(213,'2019-07-10 15:08:07.519944',0,NULL,1),(214,'2019-07-10 15:09:01.826384',0,NULL,1),(215,'2019-07-10 15:09:55.666515',0,NULL,1),(216,'2019-07-10 15:10:49.523754',0,NULL,1),(217,'2019-07-10 15:11:41.653610',0,NULL,1),(218,'2019-07-10 15:12:33.886395',0,NULL,1),(219,'2019-07-10 15:13:25.697730',0,NULL,1),(220,'2019-07-10 15:14:17.675033',0,NULL,1),(221,'2019-07-10 15:15:08.065029',0,NULL,1),(222,'2019-07-10 15:15:58.764972',0,NULL,1),(223,'2019-07-10 15:16:49.308622',0,NULL,1),(224,'2019-07-10 15:17:41.567542',0,NULL,1),(225,'2019-07-10 15:18:37.007055',0,NULL,1),(226,'2019-07-10 15:19:30.682809',0,NULL,1),(227,'2019-07-10 15:20:22.296365',0,NULL,1),(228,'2019-07-10 15:21:14.917613',0,NULL,1),(229,'2019-07-10 15:22:06.499044',0,NULL,1),(230,'2019-07-10 15:23:00.214913',0,NULL,1),(231,'2019-07-10 15:24:05.679630',0,NULL,1),(232,'2019-07-10 15:26:19.264289',0,NULL,1),(233,'2019-07-10 15:28:16.787392',0,NULL,1),(234,'2019-07-10 15:29:25.897646',0,NULL,1),(235,'2019-07-10 15:30:21.275542',0,NULL,1),(236,'2019-07-10 15:32:17.503438',0,NULL,1),(237,'2019-07-10 15:33:50.066143',0,NULL,1),(238,'2019-07-10 15:35:31.325320',0,NULL,1),(239,'2019-07-10 15:37:22.240280',0,NULL,1),(240,'2019-07-10 15:39:03.297738',0,NULL,1),(241,'2019-07-10 15:41:05.417829',0,NULL,1),(242,'2019-07-10 15:43:17.350678',0,NULL,1),(243,'2019-07-10 15:45:23.521283',0,NULL,1),(244,'2019-07-10 15:47:32.870354',0,NULL,1),(245,'2019-07-10 15:49:33.245365',0,NULL,1),(246,'2019-07-10 15:51:51.070889',0,NULL,1),(247,'2019-07-10 15:54:12.802193',0,NULL,1),(248,'2019-07-10 15:56:30.668315',0,NULL,1),(249,'2019-07-10 15:58:43.816121',0,NULL,1),(250,'2019-07-10 16:01:03.250829',0,NULL,1),(251,'2019-07-10 16:03:14.203774',0,NULL,1),(252,'2019-07-10 16:05:31.700387',0,NULL,1),(253,'2019-07-10 16:07:37.444328',0,NULL,1),(254,'2019-07-10 16:09:46.638910',0,NULL,1),(255,'2019-07-10 16:11:56.105324',0,NULL,1),(256,'2019-07-10 16:14:18.902620',0,NULL,1),(257,'2019-07-10 16:16:44.141144',0,NULL,1),(258,'2019-07-10 16:19:06.447286',0,NULL,1),(259,'2019-07-10 16:21:32.585931',0,NULL,1),(260,'2019-07-10 16:23:58.453090',0,NULL,1),(261,'2019-07-10 16:26:25.756973',0,NULL,1),(262,'2019-07-10 16:28:32.343887',0,NULL,1),(263,'2019-07-10 16:30:51.760602',0,NULL,1),(264,'2019-07-12 14:04:37.537510',0,NULL,1),(265,'2019-07-12 14:05:07.415501',0,NULL,1),(266,'2019-07-12 14:09:56.273360',2,NULL,1),(267,'2019-07-12 14:10:42.933280',2,NULL,1),(268,'2019-07-12 14:11:17.246610',3,NULL,1),(269,'2019-07-12 14:11:50.339038',1,NULL,1),(270,'2019-07-12 14:12:22.191958',1,NULL,1),(271,'2019-07-12 14:12:53.698678',1,NULL,1),(272,'2019-07-12 14:13:25.779589',1,NULL,1),(273,'2019-07-12 14:13:58.655405',1,NULL,1),(274,'2019-07-12 14:14:29.360308',1,NULL,1),(275,'2019-07-12 14:15:00.286190',1,NULL,1),(276,'2019-07-12 14:15:32.163333',1,NULL,1),(277,'2019-07-12 14:16:03.830616',1,NULL,1),(278,'2019-07-12 14:16:35.917664',1,NULL,1),(279,'2019-07-12 14:17:06.706296',1,NULL,1),(280,'2019-07-12 14:17:37.996547',1,NULL,1),(281,'2019-07-12 14:18:09.531643',1,NULL,1),(282,'2019-07-12 14:18:40.730031',1,NULL,1),(283,'2019-07-12 14:19:12.046246',1,NULL,1),(284,'2019-07-12 14:19:44.168313',1,NULL,1),(285,'2019-07-12 14:20:15.950287',1,NULL,1),(286,'2019-07-12 14:20:47.570696',1,NULL,1),(287,'2019-07-12 14:21:19.232991',1,NULL,1),(288,'2019-07-12 14:21:50.917229',1,NULL,1),(289,'2019-07-12 14:22:22.641130',1,NULL,1),(290,'2019-07-12 14:22:54.327175',1,NULL,1),(291,'2019-07-12 14:23:25.971521',1,NULL,1),(292,'2019-07-12 14:23:57.577822',1,NULL,1),(293,'2019-07-12 14:24:28.453190',0,NULL,1),(294,'2019-07-12 14:24:58.757119',0,NULL,1),(295,'2019-07-12 14:25:29.330330',0,NULL,1),(296,'2019-07-12 14:25:59.427812',1,NULL,1),(297,'2019-07-12 14:26:30.508666',1,NULL,1),(298,'2019-07-12 14:27:00.970173',0,NULL,1),(299,'2019-07-12 14:27:32.036427',1,NULL,1),(300,'2019-07-12 14:28:02.966681',0,NULL,1),(301,'2019-07-12 14:28:33.039127',0,NULL,1),(302,'2019-07-12 14:29:03.148826',1,NULL,1),(303,'2019-07-12 14:29:33.236336',0,NULL,1),(304,'2019-07-12 14:30:03.481426',0,NULL,1),(305,'2019-07-12 14:30:33.720526',0,NULL,1),(306,'2019-07-12 14:31:03.855906',0,NULL,1),(307,'2019-07-12 14:31:34.048135',0,NULL,1),(308,'2019-07-12 14:32:04.180525',0,NULL,1),(309,'2019-07-12 14:32:34.359849',0,NULL,1),(310,'2019-07-12 14:33:04.381534',0,NULL,1),(311,'2019-07-12 14:33:34.971816',0,NULL,1),(312,'2019-07-12 14:34:05.087247',0,NULL,1),(313,'2019-07-12 14:34:35.202682',0,NULL,1),(314,'2019-07-12 14:35:05.402889',0,NULL,1),(315,'2019-07-12 14:35:35.598137',0,NULL,1),(316,'2019-07-12 14:36:05.645751',0,NULL,1),(317,'2019-07-12 14:36:35.813048',0,NULL,1),(318,'2019-07-12 14:37:05.993286',0,NULL,1),(319,'2019-07-12 14:37:36.117781',0,NULL,1),(320,'2019-07-12 14:38:06.927361',0,NULL,1),(321,'2019-07-12 14:38:37.178430',0,NULL,1),(322,'2019-07-12 14:39:07.476376',0,NULL,1),(323,'2019-07-12 14:39:37.859093',2,NULL,1),(324,'2019-07-12 14:40:08.309453',0,NULL,1),(325,'2019-07-12 14:40:40.122345',0,NULL,1),(326,'2019-07-12 14:41:15.797902',5,NULL,1),(327,'2019-07-12 14:41:50.239763',2,NULL,1),(328,'2019-07-12 14:42:24.347863',2,NULL,1),(329,'2019-07-12 14:42:58.297040',1,NULL,1),(330,'2019-07-12 14:43:32.413858',3,NULL,1),(331,'2019-07-12 14:44:07.063194',3,NULL,1),(332,'2019-07-12 14:44:40.589472',1,NULL,1),(333,'2019-07-12 14:45:13.605151',3,NULL,1),(334,'2019-07-12 14:45:49.242808',1,NULL,1),(335,'2019-07-12 14:46:22.356221',1,NULL,1),(336,'2019-07-12 14:46:55.877411',2,NULL,1),(337,'2019-07-12 14:47:28.800055',1,NULL,1),(338,'2019-07-12 14:47:59.914807',0,NULL,1),(339,'2019-07-12 14:48:31.125312',0,NULL,1),(340,'2019-07-12 15:39:12.728460',1,NULL,1),(341,'2019-07-12 15:39:45.168142',1,NULL,1),(342,'2019-07-12 15:40:18.414849',1,NULL,1),(343,'2019-07-12 15:40:52.180310',1,NULL,1),(344,'2019-07-12 15:41:27.147915',1,NULL,1),(345,'2019-07-12 15:42:01.961233',1,NULL,1),(346,'2019-07-12 15:42:39.378591',1,NULL,1),(347,'2019-07-12 15:43:18.763070',1,NULL,1),(348,'2019-07-12 15:43:57.191602',1,NULL,1),(349,'2019-07-12 15:45:17.046743',1,NULL,1),(350,'2019-07-12 15:51:06.182890',1,NULL,1),(351,'2019-07-12 15:51:38.467473',1,NULL,1),(352,'2019-07-12 15:52:13.284730',1,NULL,1),(353,'2019-07-12 15:52:48.974417',1,NULL,1),(354,'2019-07-12 15:53:27.426333',1,NULL,1),(355,'2019-07-12 15:54:03.043691',1,NULL,1),(356,'2019-07-12 15:54:39.074692',1,NULL,1),(357,'2019-07-12 15:58:15.237553',1,NULL,1),(358,'2019-07-12 15:58:52.349956',1,NULL,1),(359,'2019-07-15 16:29:00.672365',1,NULL,1),(360,'2019-07-15 16:30:00.632956',1,NULL,1),(361,'2019-07-15 16:30:36.765295',1,NULL,1),(362,'2019-07-15 16:31:11.549240',2,NULL,1),(363,'2019-07-15 16:31:47.001379',1,NULL,1),(364,'2019-07-15 16:32:22.587600',1,NULL,1),(365,'2019-07-15 16:32:59.349764',1,NULL,1),(366,'2019-07-15 16:33:49.778977',1,NULL,1),(367,'2019-07-15 16:34:31.553537',1,NULL,1),(368,'2019-07-15 16:35:12.694622',1,NULL,1),(369,'2019-07-15 16:35:54.360321',1,NULL,1),(370,'2019-07-15 16:36:36.357745',1,NULL,1),(371,'2019-07-15 16:37:34.185317',1,NULL,1),(372,'2019-07-15 22:32:21.688949',1,NULL,1),(373,'2019-07-15 22:32:59.915358',1,NULL,1),(374,'2019-07-15 22:33:40.013205',1,NULL,1),(375,'2019-07-15 22:34:16.597859',1,NULL,1),(376,'2019-07-15 22:34:53.383166',1,NULL,1),(377,'2019-07-15 22:35:50.020881',2,NULL,1),(378,'2019-07-15 22:37:48.803041',1,NULL,1),(379,'2019-07-15 22:40:05.597780',1,NULL,1),(380,'2019-07-15 22:44:04.063858',1,NULL,1),(381,'2019-07-15 22:44:43.808051',1,NULL,1),(382,'2019-07-15 22:45:21.657784',1,NULL,1),(383,'2019-07-15 22:45:57.910799',1,NULL,1),(384,'2019-07-15 22:46:37.163704',1,NULL,1),(385,'2019-07-15 22:47:14.782489',1,NULL,1),(386,'2019-07-15 22:48:16.550496',1,NULL,1),(387,'2019-07-15 22:50:15.921482',1,NULL,1),(388,'2019-07-15 22:50:53.937300',1,NULL,1),(389,'2019-07-15 22:51:32.178070',1,NULL,1),(390,'2019-07-15 23:13:54.888805',1,NULL,1),(391,'2019-07-15 23:14:36.472558',1,NULL,1),(392,'2019-07-15 23:15:52.747846',0,NULL,1),(393,'2019-07-15 23:17:26.081125',1,NULL,1),(394,'2019-07-15 23:19:31.397363',0,NULL,1),(395,'2019-07-15 23:21:36.418079',1,NULL,1),(396,'2019-07-16 13:21:32.121763',1,NULL,1),(397,'2019-07-16 13:22:09.951089',1,NULL,1),(398,'2019-07-16 13:22:46.051771',2,NULL,1),(399,'2019-07-16 13:23:23.051681',2,NULL,1),(400,'2019-07-16 13:24:02.615613',1,NULL,1),(401,'2019-07-16 13:24:45.358356',3,NULL,1),(402,'2019-07-16 13:25:32.349730',2,NULL,1),(403,'2019-07-16 13:28:23.805220',1,NULL,1),(404,'2019-07-16 13:29:14.692755',1,NULL,1),(405,'2019-07-16 13:30:08.059324',2,NULL,1),(406,'2019-07-16 13:53:57.679521',1,NULL,1),(407,'2019-07-16 13:54:31.808762',1,NULL,1),(408,'2019-07-16 13:55:07.220384',1,NULL,1),(409,'2019-07-16 13:55:43.152648',3,NULL,1),(410,'2019-07-16 13:56:19.969797',3,NULL,1),(411,'2019-07-16 13:56:56.564294',1,NULL,1),(412,'2019-07-16 13:57:30.661801',1,NULL,1),(413,'2019-07-16 13:58:07.590441',3,NULL,1),(414,'2019-07-16 13:58:45.972398',2,NULL,1),(415,'2019-07-16 13:59:24.010751',3,NULL,1),(416,'2019-07-16 14:00:00.399175',1,NULL,1),(417,'2019-07-16 14:00:35.770594',1,NULL,1),(418,'2019-07-16 14:01:11.828711',1,NULL,1),(419,'2019-07-16 14:01:49.458191',2,NULL,1),(420,'2019-07-16 14:02:26.737452',3,NULL,1),(421,'2019-07-16 14:03:04.603766',2,NULL,1),(422,'2019-07-16 14:03:42.223626',2,NULL,1),(423,'2019-07-16 14:04:20.030186',1,NULL,1),(424,'2019-07-16 14:04:56.957364',3,NULL,1),(425,'2019-07-16 14:05:34.018436',2,NULL,1),(426,'2019-07-16 14:06:11.060531',2,NULL,1),(427,'2019-07-16 14:06:47.568910',1,NULL,1),(428,'2019-07-16 14:07:24.079717',1,NULL,1),(429,'2019-07-16 14:08:00.848510',2,NULL,1),(430,'2019-07-16 14:08:38.319967',1,NULL,1),(431,'2019-07-16 14:09:14.905255',1,NULL,1),(432,'2019-07-16 14:09:51.410273',1,NULL,1),(433,'2019-07-16 14:10:28.192584',1,NULL,1),(434,'2019-07-16 14:11:04.517239',1,NULL,1),(435,'2019-07-16 14:11:40.829369',1,NULL,1),(436,'2019-07-16 14:12:17.695109',2,NULL,1),(437,'2019-07-16 14:12:54.373212',2,NULL,1),(438,'2019-07-16 14:13:31.571648',2,NULL,1),(439,'2019-07-16 14:14:09.565451',2,NULL,1),(440,'2019-07-16 14:14:46.120194',1,NULL,1),(441,'2019-07-16 14:15:22.925900',2,NULL,1),(442,'2019-07-16 14:15:59.961735',1,NULL,1),(443,'2019-07-16 14:16:37.540404',2,NULL,1),(444,'2019-07-16 14:17:15.524754',4,NULL,1),(445,'2019-07-16 14:17:51.525183',1,NULL,1),(446,'2019-07-16 14:18:27.853205',1,NULL,1),(447,'2019-07-16 14:19:04.521188',1,NULL,1),(448,'2019-07-16 14:19:41.075400',2,NULL,1),(449,'2019-07-16 14:20:18.261193',1,NULL,1),(450,'2019-07-16 14:20:55.965418',3,NULL,1),(451,'2019-07-16 14:21:34.031953',2,NULL,1),(452,'2019-07-16 14:22:11.705407',2,NULL,1);
/*!40000 ALTER TABLE `report` ENABLE KEYS */;
UNLOCK TABLES;

--
-- Table structure for table `store`
--

DROP TABLE IF EXISTS `store`;
/*!40101 SET @saved_cs_client     = @@character_set_client */;
 SET character_set_client = utf8mb4 ;
CREATE TABLE `store` (
  `sto_id` int(11) NOT NULL AUTO_INCREMENT,
  `sto_name` varchar(45) NOT NULL,
  `sto_address` varchar(45) NOT NULL,
  `sto_phone` varchar(11) NOT NULL,
  `sto_date_created` varchar(255) NOT NULL,
  `sto_date_updated` varchar(255) DEFAULT NULL,
  `sto_status` varchar(10) DEFAULT NULL,
  `sto_update_by` varchar(45) DEFAULT NULL,
  `cpn_store_id` int(11) DEFAULT NULL,
  PRIMARY KEY (`sto_id`),
  KEY `com_id_idx` (`cpn_store_id`),
  CONSTRAINT `cpn_store_id` FOREIGN KEY (`cpn_store_id`) REFERENCES `company` (`cpn_id`)
) ENGINE=InnoDB AUTO_INCREMENT=5 DEFAULT CHARSET=latin1;
/*!40101 SET character_set_client = @saved_cs_client */;

--
-- Dumping data for table `store`
--

LOCK TABLES `store` WRITE;
/*!40000 ALTER TABLE `store` DISABLE KEYS */;
INSERT INTO `store` VALUES (1,'Passio Quan 3','222 Phan Van Tri Quan Binh Thanh','09046355215','2019-06-12T12:41:27.122','2019-06-24T09:55:52.986','active','cuongdq',1),(2,'Passio Quan 1','123 Le Duan Quan 1','01213554667','2019-06-12T12:42:11.467','2019-07-09T13:35:22.589','active','cuongdq',1),(3,'Passio Quan Phu Nhuan','555 Tran Huy Lieu Quan Phu Nhuan','0936765256','2019-06-12T12:42:41.865',NULL,'active',NULL,1),(4,'KFC Quan 1','123 Ham Nghi Quan 1','01213556774','2019-06-12T12:43:18.215',NULL,'active',NULL,2);
/*!40000 ALTER TABLE `store` ENABLE KEYS */;
UNLOCK TABLES;
/*!40103 SET TIME_ZONE=@OLD_TIME_ZONE */;

/*!40101 SET SQL_MODE=@OLD_SQL_MODE */;
/*!40014 SET FOREIGN_KEY_CHECKS=@OLD_FOREIGN_KEY_CHECKS */;
/*!40014 SET UNIQUE_CHECKS=@OLD_UNIQUE_CHECKS */;
/*!40101 SET CHARACTER_SET_CLIENT=@OLD_CHARACTER_SET_CLIENT */;
/*!40101 SET CHARACTER_SET_RESULTS=@OLD_CHARACTER_SET_RESULTS */;
/*!40101 SET COLLATION_CONNECTION=@OLD_COLLATION_CONNECTION */;
/*!40111 SET SQL_NOTES=@OLD_SQL_NOTES */;

-- Dump completed on 2019-07-16 18:09:56
